Label,x,y,width,height,points
Apple Pie,236,259.5,454,411,"[[9, 131], [9, 360], [10, 368], [26, 396], [21, 402], [20, 413], [11, 423], [12, 465], [95, 463], [117, 452], [289, 402], [354, 380], [373, 370], [384, 369], [398, 352], [409, 316], [445, 273], [453, 257], [463, 219], [463, 209], [456, 202], [443, 201], [426, 179], [399, 156], [382, 147], [364, 128], [334, 115], [293, 86], [265, 78], [242, 60], [212, 61], [194, 54], [135, 60], [109, 72], [88, 100], [55, 94], [36, 99], [16, 115]]"
Apple Pie,304.5,304,413,414,"[[98, 240], [98, 350], [125, 456], [135, 474], [153, 491], [149, 511], [174, 511], [172, 504], [164, 496], [175, 488], [254, 482], [355, 456], [511, 383], [511, 199], [496, 171], [424, 97], [399, 97], [363, 110], [264, 159], [189, 187], [140, 218], [104, 233]]"
Apple Pie,255.5,255.833,511,510.334,"[[3.49, 206.43], [233.29, 1.003], [340.319, 0.666], [418.752, 32.642], [427.887, 23.054], [511, 32.774], [511, 328.339], [417.705, 511], [296.833, 448.551], [348.938, 411.053], [340.413, 361.65], [353.286, 245.028], [345.168, 228.695], [35.595, 277.349], [0, 238.249]]"
Apple Pie,255.5,301.011,511,414.948,"[[413.636, 508.485], [511, 290.48], [510.829, 221.973], [473.916, 188.496], [366.589, 201.267], [235.175, 165.611], [213.053, 135.962], [140.971, 129.183], [108.88, 107.786], [41.288, 108.885], [16.651, 96.924], [0, 93.537], [0.701, 179.694], [23.405, 188.458], [250.538, 414.795]]"
Apple Pie,338.9548,376.207,122.2835,139.5351,"[[284.545, 347.576], [277.813, 442.976], [293.376, 445.975], [398.122, 412.256], [400.096, 390.698], [387.821, 326.179], [368.792, 310.636], [361.849, 306.439]]"
Apple Pie,256.9325,281.5525,508.135,453.409,"[[318.182, 54.848], [377.316, 103.025], [438.174, 178.591], [487.674, 254.611], [474.286, 290.414], [485.534, 355.828], [511, 390.328], [509.076, 463.596], [465.373, 444.885], [431.619, 502.72], [424.515, 508.257], [390.932, 476.083], [370.345, 416.254], [317.875, 393.54], [181.507, 347.107], [150.789, 350.617], [73, 298.301], [57.855, 307.008], [30.926, 267.231], [47.336, 253.086], [39.616, 224.834], [21.25, 198.122], [5.863, 197.037], [2.865, 107.539], [78.807, 84.133], [89.33, 96.08], [141.748, 96.758], [217.292, 72.305], [320.759, 55.905]]"
Apple Pie,299,249.5,276,457,"[[167, 295], [167, 306], [175, 319], [175, 342], [173, 362], [161, 388], [161, 411], [180, 435], [222, 468], [268, 478], [311, 476], [377, 461], [417, 442], [433, 412], [433, 391], [424, 366], [386, 326], [383, 318], [383, 306], [393, 299], [387, 271], [390, 234], [383, 188], [371, 168], [382, 154], [419, 126], [435, 91], [437, 68], [433, 50], [416, 21], [350, 21], [319, 34], [300, 53], [277, 91], [276, 118], [272, 129], [273, 152], [252, 173], [243, 175], [218, 204], [206, 240], [191, 256], [186, 270], [173, 282]]"
Apple Pie,256.2855,216.8755,508.935,338.833,"[[1.818, 315.758], [155.568, 356.103], [330.297, 377.945], [472.533, 386.292], [510.696, 327.188], [510.753, 127.885], [447.977, 76.436], [443.682, 60.77], [422.346, 64.588], [397.198, 47.459], [289.606, 104.062], [253.371, 113.347], [233.389, 129.95], [186.508, 124.034], [168.345, 112.717], [2.467, 127.468]]"
Apple Pie,255.5,156.9924,511,311.7885,"[[0.667, 257.556], [98.611, 305.748], [214.521, 312.887], [358.521, 251.195], [381.138, 231.72], [377.002, 190.972], [428.396, 158.019], [511, 171.682], [511, 4.659], [171.511, 1.098], [102.897, 52.442], [62.985, 82.181], [48.662, 122.728], [18.022, 142.15], [5.627, 137.221], [0, 144.325]]"
Apple Pie,255.5,264,511,494,"[[6, 110], [0, 115], [0, 211], [10, 227], [14, 358], [21, 370], [44, 380], [70, 378], [84, 371], [123, 329], [143, 333], [195, 306], [219, 304], [226, 311], [248, 307], [280, 307], [289, 311], [319, 307], [342, 326], [350, 351], [361, 360], [371, 384], [374, 407], [396, 445], [381, 460], [388, 481], [406, 476], [438, 479], [452, 493], [458, 511], [477, 511], [497, 493], [511, 493], [511, 53], [447, 32], [366, 17], [228, 18], [169, 28], [105, 51], [62, 72], [38, 87], [26, 101]]"
Apple Pie,251.5,256.5,503,463,"[[12, 76], [0, 82], [0, 117], [7, 133], [25, 151], [68, 213], [78, 242], [95, 265], [97, 278], [113, 284], [134, 311], [148, 338], [166, 350], [173, 376], [181, 388], [209, 387], [265, 440], [280, 436], [292, 416], [305, 418], [339, 446], [353, 480], [362, 487], [372, 488], [392, 488], [401, 484], [440, 450], [459, 443], [477, 416], [488, 408], [502, 364], [503, 343], [467, 180], [447, 160], [429, 124], [405, 98], [402, 89], [405, 69], [398, 51], [388, 38], [309, 25], [221, 25], [167, 31], [115, 47], [70, 53]]"
Apple Pie,255.1205,258.584,510.241,394.348,"[[95.455, 455.758], [272.826, 330.191], [482.095, 360.125], [510.241, 290.111], [505.989, 186.648], [418.652, 98.193], [314.328, 61.41], [191.121, 66.194], [113.157, 101.954], [27.937, 182.418], [0.814, 242.821], [0, 330.622], [14.018, 402.043]]"
Apple Pie,244,181,390,308,"[[49, 149], [49, 220], [63, 247], [68, 267], [90, 288], [134, 317], [155, 326], [184, 327], [196, 335], [293, 328], [308, 317], [343, 310], [367, 294], [387, 287], [398, 267], [417, 253], [423, 219], [439, 185], [426, 140], [410, 115], [371, 72], [315, 37], [292, 29], [272, 27], [243, 28], [192, 38], [116, 71], [97, 83], [71, 110], [68, 119], [54, 135]]"
Apple Pie,258.995,227.889,504.01,245.342,"[[12.727, 240.303], [334.967, 153.318], [370.283, 115.569], [426.31, 105.218], [497.45, 203.977], [511, 297.302], [497.26, 311.375], [457.137, 350.56], [413.608, 348.069], [380.002, 331.56], [381.029, 316.094], [340.807, 303.232], [306.731, 283.844], [277.931, 278.372], [258.656, 260.675], [208.099, 266.113], [194.27, 274.128], [137.585, 246.463], [94.947, 250.045], [52.967, 285.487], [30.409, 273.91], [6.99, 246.217]]"
Apple Pie,245.3765,267.7475,277.283,232.383,"[[221.818, 383.939], [264.022, 365.539], [268.332, 341.517], [384.018, 174.493], [374.669, 151.556], [203.425, 184.469], [146.678, 227.439], [134.682, 254.478], [106.735, 265.71], [123.87, 318.045], [148.321, 325.009], [155.113, 349.367], [178.727, 352.114]]"
Apple Pie,159.4035,134.7995,262.421,196.461,"[[94.545, 233.03], [282.511, 227.245], [290.614, 216.085], [211.964, 50.623], [168.682, 36.569], [147.583, 55.361], [90.637, 67.416], [77.282, 97.501], [55.164, 120.945], [48.799, 147.217], [28.193, 173.186]]"
Apple Pie,245.1364,239.0364,275.7273,309.8059,"[[107.273, 393.939], [333.761, 252.522], [383, 287.448], [383, 231.205], [365.43, 224.171], [371.18, 186.923], [349.645, 173.38], [354.831, 160.343], [268.328, 130.609], [240.85, 164.469], [238.865, 123.669], [205.065, 86.227], [129.62, 84.133], [218.534, 198.837], [128.72, 324.961]]"
Apple Pie,255.5,255.5,511,511,"[[52, 33], [22, 67], [0, 79], [0, 426], [12, 439], [58, 469], [125, 495], [169, 505], [242, 511], [314, 506], [365, 497], [444, 455], [480, 423], [500, 380], [511, 337], [511, 97], [473, 35], [465, 0], [98, 0]]"
Apple Pie,191,269.5,364,419,"[[12, 289], [14, 321], [9, 368], [46, 429], [88, 454], [187, 479], [248, 473], [257, 467], [279, 464], [292, 457], [331, 423], [347, 403], [367, 358], [373, 321], [373, 295], [367, 279], [342, 240], [294, 201], [266, 192], [265, 183], [281, 177], [301, 163], [307, 130], [303, 105], [282, 83], [215, 60], [127, 68], [83, 90], [68, 104], [59, 118], [65, 150], [83, 176], [108, 184], [113, 192], [56, 224], [43, 245], [18, 269]]"
Apple Pie,303.7375,151.075,186.655,215.238,"[[265.455, 257.576], [397.065, 79.927], [384.955, 56.071], [323.307, 52.911], [285.68, 43.456], [247.503, 44.792], [210.41, 52.66], [212.688, 102.442], [250.581, 258.694]]"
Apple Pie,221,219,326,336,"[[85, 211], [83, 228], [96, 240], [92, 259], [58, 285], [59, 294], [67, 302], [70, 332], [88, 363], [105, 376], [123, 384], [156, 387], [161, 380], [215, 381], [223, 377], [231, 362], [249, 344], [241, 322], [261, 317], [310, 316], [330, 310], [360, 313], [357, 304], [344, 293], [344, 279], [373, 265], [346, 252], [342, 248], [342, 238], [371, 215], [382, 212], [384, 206], [373, 193], [375, 168], [367, 149], [351, 135], [348, 126], [349, 89], [344, 74], [330, 63], [315, 61], [306, 52], [282, 51], [280, 59], [266, 74], [240, 66], [212, 68], [184, 84], [175, 108], [146, 130], [131, 155], [123, 155], [108, 166]]"
Apple Pie,275.5,276.5,467,321,"[[81, 284], [75, 330], [42, 401], [47, 429], [56, 437], [67, 436], [85, 425], [131, 408], [161, 402], [183, 391], [210, 389], [241, 368], [375, 343], [380, 339], [407, 337], [419, 332], [434, 319], [445, 317], [455, 307], [459, 285], [505, 223], [509, 203], [477, 173], [441, 171], [339, 142], [295, 140], [242, 121], [198, 116], [194, 119], [186, 152], [176, 169], [163, 179], [149, 181], [132, 201], [126, 220], [104, 233], [92, 255], [90, 272]]"
Apple Pie,267.3381,218.831,388.0696,400.1532,"[[85.455, 215.758], [73.303, 271.674], [80.777, 316.847], [104.286, 359.13], [149.236, 391.47], [205.371, 410.281], [257.32, 416.032], [249.833, 418.908], [336.395, 409.492], [413.842, 371.126], [461.373, 303.604], [456.646, 229.081], [419.189, 193.434], [384.569, 164.562], [362.26, 150.421], [346.172, 97.48], [307.422, 65.547], [275.496, 45.126], [278.816, 37.352], [247.469, 18.754], [227.98, 19.924], [212.967, 36.67], [178.503, 62.823], [170.31, 76.267], [146.597, 100.151], [132.289, 132.619], [118.342, 159.071], [113.7, 179.583], [96.637, 193.462]]"
Apple Pie,239.03,225.9285,465.198,256.021,"[[371.818, 353.939], [408.967, 340.821], [453.196, 282.806], [460.873, 246.904], [471.056, 196.464], [471.629, 159.922], [462.867, 147.146], [442.697, 148.941], [395.919, 131.689], [370.212, 118.553], [330.738, 122.973], [314.991, 123.57], [276.989, 112.992], [262.644, 114.853], [208.18, 111.817], [196.78, 113.049], [132.626, 97.918], [115.572, 109.268], [89.818, 122.186], [66.649, 111.992], [59.995, 116.137], [40.417, 122.954], [42.24, 134.29], [14.335, 126.113], [6.431, 129.6], [13.346, 157.298], [116.259, 228.472], [178.125, 284.27], [234.801, 313.507], [247.73, 339.528], [282.971, 342.995], [293.963, 333.299], [341.058, 336.866], [362.488, 339.016]]"
Apple Pie,300.6145,340.7073,252.4712,335.555,"[[278.182, 508.485], [366.646, 373.966], [394.598, 364.502], [409.853, 347.031], [421.47, 318.817], [426.85, 244.924], [426.85, 220.248], [382.663, 197.558], [323.989, 183.901], [289.033, 175.815], [249.615, 172.93], [218.438, 177.146], [218.75, 202.096], [205.191, 263.872], [205.191, 284.133], [205.191, 300.835], [191.381, 321.683], [174.379, 344.672], [179.271, 410.404], [177.453, 455.832], [226.418, 494.359], [254.72, 503.317]]"
Apple Pie,253,271.5,342,271,"[[82, 249], [83, 278], [95, 286], [108, 303], [109, 332], [125, 357], [143, 370], [212, 397], [268, 407], [298, 406], [323, 400], [370, 371], [392, 343], [408, 307], [420, 290], [424, 274], [424, 251], [417, 231], [402, 218], [389, 194], [370, 175], [327, 152], [256, 136], [199, 146], [156, 160], [129, 174], [100, 201]]"
Apple Pie,256.1818,265.6271,509.6364,490.7459,"[[2.192, 104.669], [1.364, 451.451], [52.849, 491.754], [141.388, 511], [374.792, 511], [463.175, 475.989], [511, 423.549], [511, 123.03], [414.058, 55.01], [362.578, 43.892], [302.971, 23.835], [226.622, 20.254], [155.122, 25.346], [74.104, 46.976], [29.623, 73.205], [3.874, 101.566]]"
Apple Pie,256.4091,234.3767,509.1818,376.6302,"[[1.818, 380.303], [63.931, 414.79], [96.538, 412.536], [96.538, 396.207], [114.355, 417.974], [190.065, 422.692], [205.523, 406.339], [220.924, 416.856], [284.704, 412.962], [299.769, 396.671], [302.44, 385.151], [322.644, 401.332], [370.544, 393.061], [388.877, 379.67], [392.841, 366.288], [402.824, 374.416], [429.597, 374.061], [488.011, 317.6], [490.464, 305.208], [511, 296.951], [511, 147.459], [493.637, 110.77], [442.649, 88.61], [406.125, 68.785], [348.266, 56.417], [294.166, 50.202], [235.265, 46.062], [196.259, 55.228], [147.748, 68.425], [111.977, 76.071], [70.234, 92.04], [36.822, 113.219], [6.772, 132.229], [2.008, 148.07]]"
Apple Pie,390,263.5,190,279,"[[297, 140], [295, 161], [309, 188], [305, 396], [313, 403], [331, 403], [357, 397], [401, 379], [410, 379], [450, 349], [478, 289], [485, 230], [477, 198], [467, 181], [450, 161], [420, 142], [401, 137], [386, 128], [330, 124], [310, 126]]"
Apple Pie,229.97,213.4957,345.2634,181.2924,"[[70, 175.758], [57.338, 228.377], [69.95, 268.32], [97.495, 303.749], [191.708, 304.142], [216.823, 234.19], [248.578, 214.123], [289.179, 214.365], [325.452, 197.842], [354.773, 225.436], [398.496, 177.378], [402.602, 165.407], [366.94, 154.114], [342.559, 127.028], [327.015, 138.117], [257.42, 131.447], [234.048, 122.85], [198.712, 131.717], [156.022, 135.46], [130.983, 158.989], [102.989, 170.467], [74.852, 167.179]]"
Apple Pie,255.5,254.6972,511,509.3944,"[[0, 423.939], [11.262, 431.801], [9.893, 445.941], [42.278, 482.658], [85.333, 506.983], [130.813, 507.627], [511, 509.394], [511, 0.927], [60.469, 0], [0, 97.814]]"
Apple Pie,196.5,228,393,246,"[[10, 177], [8, 193], [0, 205], [0, 292], [5, 305], [27, 327], [48, 338], [124, 351], [204, 347], [282, 326], [332, 300], [366, 277], [384, 254], [393, 230], [390, 142], [365, 127], [323, 121], [305, 109], [290, 105], [250, 112], [215, 113], [175, 105], [168, 111], [113, 124], [92, 148], [77, 149], [70, 145], [46, 149], [22, 163]]"
Apple Pie,238,332.5,476,357,"[[1, 231], [0, 473], [10, 474], [12, 498], [22, 511], [426, 511], [449, 494], [470, 467], [476, 432], [467, 429], [451, 436], [417, 413], [414, 409], [415, 380], [411, 361], [398, 346], [386, 346], [365, 354], [351, 388], [351, 402], [340, 421], [333, 426], [323, 424], [317, 420], [319, 408], [311, 409], [255, 471], [230, 470], [220, 465], [189, 468], [160, 447], [124, 393], [97, 362], [95, 349], [87, 337], [90, 318], [87, 286], [108, 238], [107, 218], [126, 202], [143, 154], [125, 155], [97, 167], [64, 170], [51, 180], [39, 181], [32, 194], [18, 201]]"
Apple Pie,255.5,214.5,511,281,"[[18, 200], [0, 210], [0, 310], [11, 333], [14, 355], [47, 355], [130, 342], [173, 342], [194, 352], [230, 353], [245, 349], [265, 333], [335, 325], [355, 318], [511, 317], [511, 104], [484, 78], [475, 74], [436, 77], [407, 98], [373, 100], [353, 109], [331, 126], [318, 130], [233, 124], [179, 128], [119, 148]]"
Apple Pie,282,219.5,416,317,"[[77, 149], [74, 157], [85, 203], [75, 224], [75, 234], [82, 245], [136, 287], [160, 300], [210, 317], [221, 330], [234, 332], [264, 357], [338, 378], [369, 364], [385, 347], [446, 349], [474, 355], [481, 346], [489, 322], [490, 264], [477, 186], [467, 168], [426, 130], [414, 114], [411, 94], [400, 85], [397, 67], [392, 62], [369, 61], [300, 83], [267, 88], [240, 102], [219, 108], [187, 128], [169, 127], [136, 117], [109, 139], [91, 142]]"
Apple Pie,254.5,255.5,477,511,"[[17, 78], [16, 98], [21, 118], [37, 132], [47, 135], [54, 145], [59, 161], [54, 203], [78, 251], [80, 306], [83, 340], [89, 351], [89, 378], [63, 438], [62, 454], [111, 511], [133, 511], [149, 502], [159, 486], [178, 467], [312, 280], [322, 253], [335, 239], [354, 165], [365, 155], [376, 155], [410, 124], [480, 27], [493, 0], [31, 0]]"
Apple Pie,251,248.5,472,437,"[[15, 295], [15, 312], [39, 334], [285, 457], [294, 467], [301, 467], [321, 454], [328, 439], [323, 422], [332, 415], [352, 430], [372, 432], [381, 441], [410, 442], [444, 401], [467, 395], [475, 382], [475, 361], [487, 346], [485, 321], [480, 310], [445, 292], [425, 260], [425, 248], [439, 210], [438, 144], [427, 132], [417, 97], [407, 87], [388, 86], [371, 58], [368, 45], [358, 38], [315, 43], [303, 35], [257, 30], [238, 43], [236, 56], [226, 70], [225, 84], [210, 91], [203, 107], [161, 105], [142, 109], [135, 121], [136, 160], [131, 165], [101, 168], [79, 175], [59, 188], [47, 201], [31, 245], [31, 263], [19, 273]]"
Apple Pie,255.5,230.5,511,461,"[[1, 219], [0, 422], [13, 416], [26, 416], [39, 426], [51, 429], [109, 461], [164, 461], [187, 454], [218, 455], [223, 454], [236, 438], [253, 438], [272, 446], [287, 447], [347, 444], [359, 436], [369, 420], [384, 412], [401, 412], [420, 424], [429, 424], [459, 406], [493, 402], [500, 397], [511, 372], [511, 141], [499, 128], [477, 119], [457, 105], [426, 58], [404, 40], [378, 34], [357, 46], [335, 43], [326, 34], [322, 18], [323, 0], [296, 0], [285, 19], [205, 57], [148, 93], [135, 109], [129, 130], [99, 151], [90, 177], [75, 200], [61, 192], [32, 186]]"
Apple Pie,185,254,326,182,"[[22, 216], [24, 254], [51, 288], [101, 327], [147, 345], [166, 336], [188, 305], [193, 304], [209, 319], [234, 329], [260, 331], [280, 326], [328, 296], [342, 282], [348, 266], [348, 250], [316, 224], [287, 213], [213, 205], [205, 186], [194, 175], [164, 163], [131, 171], [111, 198], [45, 193], [29, 203]]"
Apple Pie,323,194,282,188,"[[182, 191], [187, 214], [199, 234], [427, 288], [444, 285], [442, 263], [459, 229], [464, 210], [462, 200], [447, 186], [426, 178], [324, 116], [287, 103], [261, 100], [246, 102], [238, 108], [205, 149], [197, 164], [196, 177]]"
Apple Pie,190,247,230,242,"[[75, 223], [80, 303], [84, 312], [122, 339], [133, 341], [157, 355], [201, 368], [214, 368], [240, 360], [255, 350], [299, 306], [304, 288], [305, 255], [298, 239], [299, 212], [285, 190], [278, 190], [265, 182], [259, 176], [257, 165], [244, 154], [199, 140], [175, 126], [157, 126], [141, 140], [115, 151], [84, 192]]"
Apple Pie,189,227,348,306,"[[22, 179], [21, 199], [15, 212], [17, 244], [30, 269], [34, 290], [53, 303], [58, 319], [77, 331], [91, 350], [137, 372], [183, 380], [211, 375], [254, 376], [280, 365], [287, 358], [296, 357], [313, 337], [325, 306], [333, 295], [341, 291], [348, 269], [359, 256], [363, 206], [354, 174], [340, 149], [309, 116], [277, 96], [237, 78], [205, 74], [170, 75], [132, 82], [99, 95], [66, 115], [38, 144]]"
Apple Pie,221,222.5,390,281,"[[27, 156], [26, 220], [42, 234], [44, 262], [58, 293], [71, 300], [97, 299], [108, 304], [109, 312], [119, 321], [141, 326], [160, 325], [187, 342], [225, 348], [254, 347], [271, 354], [324, 363], [336, 361], [365, 325], [366, 294], [391, 265], [398, 239], [416, 227], [414, 206], [406, 190], [401, 188], [397, 164], [374, 137], [367, 123], [358, 124], [338, 107], [316, 111], [297, 108], [272, 87], [253, 82], [209, 84], [92, 143], [45, 145], [33, 149]]"
Apple Pie,255.5,282,511,220,"[[26, 175], [29, 180], [27, 195], [35, 208], [35, 245], [12, 332], [0, 357], [0, 384], [252, 392], [511, 388], [511, 343], [492, 290], [481, 236], [481, 207], [499, 177], [496, 172]]"
Apple Pie,257,370,508,222,"[[3, 360], [4, 374], [15, 393], [98, 448], [117, 453], [165, 455], [226, 477], [235, 472], [247, 472], [265, 479], [322, 481], [419, 456], [461, 453], [480, 446], [495, 434], [499, 420], [493, 412], [508, 400], [511, 391], [511, 263], [507, 259], [418, 259], [386.667, 265], [350, 264], [331, 272], [278, 273], [180, 300], [166, 307], [39, 333]]"
Apple Pie,235,258,368,172,"[[52, 233], [51, 240], [58, 250], [58, 267], [73, 286], [118, 300], [252, 326], [272, 344], [379, 344], [390, 331], [419, 267], [416, 240], [399, 208], [376, 177], [367, 172], [352, 172], [340, 179], [241, 201], [171, 203], [142.5, 208], [125, 205], [82, 208], [61, 215]]"
Apple Pie,259.5,295,409,380,"[[59, 244], [60, 267], [55, 278], [68, 298], [84, 353], [106, 385], [130, 406], [133, 420], [154, 430], [155, 449], [146, 459], [156, 468], [147, 478], [154, 484], [170, 485], [183, 480], [174, 471], [175, 453], [187, 438], [245, 446], [316, 444], [372, 425], [414, 396], [429, 397], [437, 384], [442, 361], [456, 343], [464, 322], [463, 288], [458, 279], [460, 263], [437, 219], [400, 188], [397, 162], [378, 130], [357, 114], [336, 107], [310, 105], [299, 112], [270, 108], [266, 112], [245, 115], [228, 132], [216, 138], [185, 139], [141, 155], [87, 192], [81, 200], [81, 207], [61, 233]]"
Apple Pie,335,226,352,452,"[[159, 283], [159, 316], [165, 330], [169, 363], [181, 371], [192, 373], [203, 368], [232, 392], [253, 417], [297, 436], [350, 445], [385, 444], [415, 452], [433, 452], [472, 445], [511, 424], [511, 95], [505, 89], [480, 13], [458, 9], [447, 0], [417, 0], [396, 19], [358, 39], [334, 41], [317, 53], [297, 57], [295, 66], [281, 74], [249, 78], [229, 88], [225, 95], [226, 118], [214, 121], [181, 161]]"
Apple Pie,218.5,297.5,437,427,"[[16, 96], [0, 99], [0, 452], [49, 473], [81, 499], [108, 511], [228, 511], [228, 505], [236, 496], [263, 479], [266, 472], [261, 457], [264, 453], [274, 453], [290, 462], [297, 476], [341, 474], [354, 470], [390, 470], [408, 474], [427, 465], [432, 452], [433, 393], [437, 376], [435, 343], [416, 280], [399, 250], [394, 220], [382, 209], [363, 180], [335, 157], [331, 133], [306, 114], [291, 115], [275, 94], [256, 89], [202, 89], [160, 84], [113, 89], [91, 98]]"
Apple Pie,254.7071,167.7684,447.4398,233.3079,"[[435.294, 276.667], [478.427, 182.242], [446.437, 140.709], [404.5, 103.811], [332.286, 58.808], [318.526, 51.114], [291.393, 69.858], [290.734, 92.292], [283.297, 88.074], [274.431, 99.943], [251.626, 112.111], [244.602, 110.775], [238.219, 121.849], [220.862, 122.131], [198.12, 139.796], [190.888, 136.43], [138.099, 169.27], [105.644, 167.738], [39.145, 209.764], [30.987, 222.344], [43.217, 244.211], [37.462, 259.864], [44.514, 268.49], [62.879, 267.972], [66.458, 281.866], [83.408, 278.313], [100.287, 283.463], [113.59, 283.193], [150.085, 283.537], [189.077, 284.422], [201.856, 279.353], [238.979, 277.492], [264.956, 282.706], [332.325, 277.317], [348.775, 269.547], [397.715, 275.132]]"
French Fries,338.5,179,345,292,"[[166, 279], [166, 308], [179, 315], [261, 325], [327, 324], [355, 307], [373, 286], [458, 223], [454, 203], [501, 164], [511, 160], [511, 126], [462, 140], [444, 140], [405, 124], [377, 118], [320, 83], [329, 60], [317, 43], [280, 55], [222, 33], [219, 37], [220, 57], [242, 71], [235, 85], [214, 77], [211, 80], [190, 197]]"
French Fries,178,242.5,194,229,"[[82, 183], [81, 244], [96, 270], [102, 316], [108, 321], [114, 318], [125, 323], [136, 341], [142, 344], [169, 346], [198, 357], [203, 357], [213, 346], [221, 353], [227, 352], [236, 326], [252, 299], [255, 284], [261, 277], [271, 274], [275, 263], [274, 226], [267, 214], [264, 194], [250, 169], [243, 163], [233, 166], [213, 155], [214, 136], [211, 132], [169, 128], [160, 134], [137, 135], [118, 144]]"
French Fries,377.5,165.5,267,183,"[[245, 82], [244, 91], [254, 114], [254, 128], [269, 145], [284, 203], [293, 211], [322, 221], [329, 232], [350, 250], [367, 257], [448, 255], [461, 236], [511, 220], [511, 205], [481, 216], [477, 221], [467, 221], [456, 211], [469, 197], [470, 180], [463, 172], [473, 163], [470, 151], [475, 139], [503, 128], [503, 115], [483, 118], [436, 135], [416, 135], [418, 120], [459, 103], [470, 90], [471, 83], [462, 84], [422, 104], [403, 107], [377, 85], [355, 75], [328, 78], [295, 74], [288, 81], [265, 86], [259, 81]]"
French Fries,245.5,198,293,242,"[[114, 110], [111, 187], [100, 203], [99, 216], [116, 246], [112, 250], [107, 246], [101, 249], [99, 290], [102, 296], [122, 295], [131, 308], [139, 310], [175, 311], [219, 305], [236, 318], [257, 319], [272, 314], [298, 283], [307, 302], [319, 307], [370, 307], [389, 295], [392, 276], [385, 250], [388, 194], [384, 171], [377, 157], [383, 139], [375, 125], [364, 116], [355, 114], [334, 87], [319, 80], [301, 82], [292, 105], [269, 129], [260, 127], [232, 99], [218, 88], [204, 85], [199, 77], [192, 79], [183, 105], [171, 111], [150, 102]]"
French Fries,255.5,190.5,511,335,"[[6, 85], [10, 93], [31, 105], [77, 143], [54, 162], [45, 158], [36, 165], [44, 185], [67, 207], [53, 257], [51, 282], [48, 285], [13, 287], [9, 280], [0, 278], [0, 318], [59, 322], [78, 350], [128, 358], [152, 357], [189, 344], [210, 301], [254, 252], [267, 254], [268, 277], [277, 296], [293, 315], [310, 327], [396, 348], [415, 346], [424, 330], [423, 325], [367, 308], [325, 288], [331, 278], [369, 280], [427, 290], [448, 286], [454, 272], [448, 249], [439, 246], [411, 251], [406, 228], [442, 220], [454, 213], [455, 207], [448, 199], [441, 198], [433, 181], [455, 164], [463, 151], [464, 140], [478, 126], [511, 108], [511, 96], [493, 97], [479, 89], [441, 99], [429, 90], [432, 70], [430, 64], [422, 59], [400, 64], [367, 64], [367, 73], [361, 81], [344, 79], [331, 64], [322, 37], [316, 35], [313, 43], [278, 40], [278, 28], [274, 23], [269, 24], [262, 35], [143, 97], [138, 103], [134, 103], [126, 92], [117, 92], [117, 128], [112, 133], [96, 133], [15, 73], [8, 77]]"
French Fries,246,193,392,380,"[[50, 124], [50, 137], [63, 162], [111, 217], [132, 256], [121, 280], [123, 296], [129, 302], [135, 301], [173, 273], [181, 275], [193, 286], [188, 316], [158, 347], [155, 355], [164, 362], [190, 365], [197, 383], [284, 383], [404, 353], [438, 326], [437, 296], [418, 288], [415, 278], [429, 263], [432, 242], [442, 223], [423, 177], [404, 152], [407, 129], [399, 112], [393, 109], [377, 118], [370, 118], [381, 85], [381, 81], [374, 77], [360, 76], [348, 81], [339, 108], [329, 120], [273, 92], [256, 71], [257, 56], [271, 19], [267, 3], [258, 9], [244, 30], [206, 107], [178, 133], [147, 143], [109, 143], [84, 136], [59, 119]]"
French Fries,234,198,468,322,"[[64, 115], [61, 127], [52, 135], [0, 160], [0, 226], [73, 225], [128, 210], [133, 216], [95, 241], [84, 257], [83, 267], [89, 274], [95, 274], [181, 354], [182, 359], [201, 355], [272, 299], [319, 280], [326, 279], [332, 285], [327, 293], [331, 301], [346, 304], [365, 276], [395, 262], [418, 227], [426, 221], [440, 232], [448, 231], [456, 223], [454, 215], [424, 179], [423, 168], [435, 158], [467, 151], [468, 145], [461, 140], [406, 135], [403, 117], [372, 113], [357, 107], [344, 81], [362, 68], [364, 57], [332, 59], [326, 52], [317, 52], [298, 59], [255, 65], [247, 54], [251, 44], [261, 39], [252, 37], [156, 90], [86, 106]]"
French Fries,255.5,255.5,511,511,"[[293, 0], [0, 0], [0, 511], [482, 511], [511, 475], [511, 15], [505, 23], [498, 24], [462, 3], [427, 6], [415, 27], [401, 28], [391, 22], [345, 14], [332, 1]]"
French Fries,170,164.5,260,171,"[[156, 84], [130, 105], [118, 123], [54, 144], [40, 142], [57, 193], [100, 212], [116, 214], [154, 232], [155, 247], [161, 250], [175, 242], [225, 238], [260, 228], [270, 221], [300, 182], [294, 172], [294, 164], [286, 157], [286, 148], [266, 147], [257, 121], [248, 127], [201, 116], [192, 108], [183, 107], [177, 101], [179, 79]]"
French Fries,174,180,348,160,"[[214, 100], [182, 113], [161, 116], [140, 129], [80, 152], [64, 151], [54, 141], [44, 139], [33, 122], [20, 122], [13, 128], [0, 117], [0, 163], [15, 183], [48, 203], [80, 234], [108, 236], [122, 256], [136, 260], [203, 235], [279, 217], [337, 188], [338, 175], [348, 168], [326, 142], [310, 137], [294, 151], [278, 131], [280, 115], [277, 109], [259, 102]]"
French Fries,191.5,265.5,383,315,"[[61, 153], [50, 183], [51, 196], [89, 235], [86, 244], [9, 268], [0, 274], [0, 286], [6, 292], [21, 293], [54, 284], [70, 316], [91, 336], [84, 345], [31, 364], [22, 378], [32, 393], [44, 394], [100, 376], [108, 396], [83, 407], [76, 415], [76, 423], [108, 423], [141, 408], [185, 404], [221, 396], [264, 361], [368, 375], [381, 369], [379, 353], [368, 342], [292, 330], [283, 323], [289, 312], [307, 312], [311, 308], [310, 294], [304, 282], [318, 273], [308, 262], [317, 255], [321, 238], [383, 239], [383, 186], [344, 183], [335, 175], [330, 156], [268, 126], [261, 125], [251, 135], [239.5, 136], [229, 130], [225, 108], [218, 110], [192, 149], [144, 153], [136, 148], [107, 148]]"
French Fries,191.5,255.5,383,511,"[[10, 154], [14, 178.667], [12, 220], [8, 238], [0, 247], [0, 414], [17, 426], [21, 477], [40, 511], [122, 511], [117, 499], [116, 479], [234, 452], [238, 456], [257, 455], [279, 438], [291, 401], [314, 408], [343, 403], [360, 389], [383, 358], [383, 153], [377, 111], [370, 99], [376, 87], [374, 64], [366, 53], [340, 46], [285, 48], [277, 38], [282, 20], [273, 0], [228, 0], [218, 7], [175, 22], [51, 109], [35, 130], [36, 147], [32, 153], [13, 149]]"
French Fries,196.5,289.5,371,385,"[[12, 286], [11, 304], [19, 332], [24, 337], [326, 476], [343, 482], [357, 477], [369, 481], [378, 476], [378, 451], [367, 451], [354, 437], [357, 419], [325, 356], [294, 325], [271, 321], [254, 313], [273, 280], [275, 268], [251, 236], [251, 229], [285, 199], [306, 202], [319, 187], [382, 211], [382, 178], [360, 170], [340, 168], [327, 158], [301, 149], [289, 153], [233, 112], [222, 111], [212, 105], [209, 98], [199, 97], [180, 105], [168, 103], [150, 109], [128, 123], [113, 124], [100, 130], [79, 148], [69, 161], [69, 171], [56, 197], [56, 210], [41, 237], [19, 260]]"
French Fries,190.5,323,381,376,"[[1, 135], [0, 504], [45, 481], [119, 482], [151, 488], [193, 487], [204, 496], [219, 497], [253, 511], [381, 511], [381, 499], [367, 490], [381, 463], [381, 145], [377, 148], [215, 143], [191, 138], [182, 142], [168, 140], [140, 145], [47, 141], [33, 148], [9, 143]]"
French Fries,224,207.5,164,117,"[[142, 205], [146, 224], [155, 229.5], [156, 238], [170, 253], [200, 266], [232, 266], [249, 260], [259, 249], [275, 222], [283, 196], [306, 175], [306, 168], [299, 167], [281, 176], [255, 202], [249, 202], [243, 198], [243, 157], [227, 155], [225, 169], [214, 183], [206, 184], [188, 168], [179, 165], [177, 149], [170, 162], [171, 187], [168, 193], [147, 196]]"
French Fries,302,199.5,418,349,"[[98, 172], [93, 177], [93, 190], [103, 317], [119, 313], [139, 296], [147, 305], [169, 311], [177, 318], [185, 337], [178, 347], [180, 364], [186, 373], [192, 374], [227, 338], [251, 299], [265, 309], [253, 331], [254, 351], [273, 356], [299, 352], [307, 358], [305, 370], [309, 373], [346, 360], [356, 360], [371, 372], [379, 372], [383, 362], [399, 366], [407, 364], [430, 342], [428, 333], [400, 306], [400, 300], [442, 295], [476, 282], [482, 269], [473, 265], [470, 259], [477, 248], [480, 232], [511, 209], [511, 169], [489, 176], [456, 193], [452, 186], [482, 158], [495, 130], [494, 109], [511, 101], [511, 71], [403, 88], [397, 83], [402, 71], [389, 58], [370, 60], [361, 39], [322, 51], [314, 34], [296, 25], [289, 41], [270, 54], [265, 73], [258, 81], [245, 87], [222, 86], [198, 91], [172, 120], [148, 132]]"
French Fries,235.5,164,337,262,"[[68, 134], [67, 144], [79, 158.667], [81, 177], [107, 188], [118, 198], [121, 207], [96, 212], [91, 220], [94, 230], [134, 240], [142, 248], [136, 257], [158, 267], [167, 277], [207, 273], [228, 278], [230, 283], [259, 295], [284, 263], [297, 276], [307, 276], [313, 271], [316, 246], [303, 220], [302, 192], [315, 167], [344, 148], [380, 147], [386, 132], [402, 131], [404, 125], [389, 108], [370, 95], [300, 62], [277, 60], [193, 38], [187, 33], [164, 58], [151, 44], [144, 45], [144, 74], [140, 88], [131, 99], [105, 75], [96, 73], [92, 76], [82, 94], [90, 118]]"
French Fries,170.5,255.5,341,511,"[[45, 0], [47, 8], [23, 35], [19, 31], [0, 34], [0, 511], [341, 511], [341, 0]]"
French Fries,158,271.5,316,365,"[[136, 122], [113, 194], [87, 243], [22, 341], [0, 368], [0, 387], [23, 387], [29, 396], [0, 425], [0, 442], [9, 447], [22, 447], [37, 434], [143, 431], [173, 454], [197, 447], [236, 416], [316, 271], [314, 240], [290, 196], [282, 188], [270, 199], [255, 198], [249, 192], [300, 117], [302, 99], [297, 89], [289, 90], [269, 107], [195, 106], [186, 103], [176, 122], [167, 122], [166, 116], [160, 112], [147, 112]]"
French Fries,191.5,255.5,383,511,"[[5, 0], [22, 30], [61, 81], [52, 89], [38, 92], [0, 114], [0, 511], [164, 511], [173, 471], [181, 460], [200, 469], [233, 472], [240, 481], [271, 478], [283, 487], [281, 511], [383, 511], [383, 40], [331, 24], [322, 25], [309, 36], [296, 20], [297, 0], [82, 0], [79, 24], [88, 38], [76, 45], [63, 45], [47, 29], [35, 0]]"
French Fries,190.5,241,381,314,"[[12, 187], [15, 193], [25, 197], [25, 214], [0, 213], [0, 223], [7, 226], [18, 254], [42, 273], [42, 282], [21, 308], [0, 310], [0, 346], [36, 326], [77, 286], [87, 297], [78, 325], [66, 347], [67, 365], [73, 370], [81, 359], [95, 366], [100, 376], [119, 390], [125, 389], [130, 382], [146, 386], [153, 379], [163, 385], [159, 393], [161, 398], [193, 396], [211, 385], [228, 386], [237, 391], [263, 389], [279, 377], [304, 340], [329, 312], [362, 283], [381, 276], [369, 198], [373, 193], [368, 187], [239, 131], [214, 110], [198, 109], [201, 120], [195, 125], [173, 117], [159, 106], [142, 84], [137, 86], [136, 93], [150, 136], [145, 146], [125, 153], [101, 168], [98, 176], [102, 185], [94.5, 194], [82, 194], [69, 185], [50, 179], [23, 180]]"
French Fries,313,214,374,306,"[[127, 294], [126, 306], [131, 310], [208, 340], [318, 363], [365, 367], [377, 355], [391, 328], [415, 326], [427, 320], [436, 277], [458, 252], [472, 218], [487, 194], [484, 173], [477, 159], [468, 151], [468, 146], [479, 138], [497, 138], [500, 134], [475, 108], [440, 92], [440, 87], [453, 78], [448, 65], [442, 61], [433, 61], [422, 69], [397, 65], [351, 87], [341, 87], [313, 71], [284, 66], [281, 79], [224, 109], [211, 112], [212, 124], [242, 137], [247, 143], [231, 155], [209, 160], [203, 170], [188, 167], [184, 171], [161, 207]]"
French Fries,191.5,255.5,383,511,"[[27, 201], [27, 209], [56, 245], [61, 260], [56, 265], [0, 262], [0, 446], [34, 426], [172, 481], [195, 497], [236, 511], [383, 511], [383, 231], [325, 232], [322, 229], [316, 187], [327, 177], [334, 176], [335, 162], [356, 153], [359, 144], [342, 128], [317, 128], [306, 133], [298, 128], [296, 122], [296, 113], [307, 99], [336, 96], [350, 86], [344, 77], [323, 65], [326, 58], [345, 50], [345, 39], [339, 29], [332, 26], [286, 27], [281, 12], [264, 8], [215, 35], [173, 51], [165, 36], [171, 33], [167, 18], [154, 10], [147, 0], [124, 0], [103, 74], [98, 80], [87, 82], [88, 105], [84, 113]]"
French Fries,200.5,307,365,342,"[[28, 155], [30, 174], [57, 206], [65, 234], [75, 248], [64, 259], [46, 292], [20, 317], [18, 371], [21, 422], [26, 436], [49, 448], [55, 441], [54, 420], [96, 408], [104, 416], [111, 460], [121, 472], [129, 475], [141, 442], [161, 408], [168, 404], [198, 444], [233, 478], [252, 462], [377, 436], [383, 442], [383, 321], [339, 300], [331, 253], [318, 238], [317, 226], [311, 221], [315, 201], [295, 201], [283, 197], [280, 191], [255, 185], [261, 157], [260, 136], [255, 137], [246, 151], [49, 154], [34, 151]]"
French Fries,190.5,322,381,378,"[[14, 251], [6, 272], [0, 277], [0, 403], [5, 409], [63, 440], [92, 442], [153, 488], [169, 493], [210, 496], [252, 511], [289, 511], [293, 506], [292, 498], [281, 485], [283, 477], [334, 448], [378, 415], [378, 369], [372, 367], [356, 374], [352, 368], [371, 309], [381, 253], [378, 158], [370, 162], [360, 179], [348, 173], [329, 171], [320, 182], [312, 185], [301, 174], [282, 169], [262, 170], [256, 162], [260, 139], [249, 133], [232, 133], [200, 161], [173, 165], [127, 179], [108, 179], [60, 188]]"
French Fries,192.5,256,385,502,"[[221, 11], [194, 24], [0, 94], [0, 121], [39, 121], [43, 131], [41, 136], [45, 143], [17, 164], [13, 173], [17, 191], [30, 205], [33, 228], [40, 234], [48, 253], [86, 281], [87, 306], [95, 342], [120, 390], [139, 410], [162, 416], [168, 422], [159, 436], [142, 482], [144, 496], [166, 507], [176, 506], [183, 498], [206, 444], [215, 414], [215, 381], [220, 367], [243, 383], [270, 418], [336, 469], [351, 473], [385, 467], [385, 290], [316, 204], [265, 149], [255, 121], [253, 95], [240, 91], [212.667, 92], [203, 81], [203, 65], [208, 58], [249, 38], [279, 31], [282, 10], [260, 5]]"
French Fries,159.5,258,319,192,"[[1, 206], [0, 349], [35, 347], [47, 353], [92, 354], [103, 348], [153, 342], [200, 321], [233, 317], [250, 310], [260, 301], [292, 293], [307, 284], [305, 256], [319, 229], [314, 206], [282, 182], [199, 176], [181, 162], [174, 162], [155, 172], [124, 192], [117, 201], [95, 208], [86, 205], [45, 172], [35, 171], [30, 174], [34, 183], [10, 207], [6, 204]]"
French Fries,269.5,191.5,483,383,"[[29, 186], [28, 199], [33, 213], [50, 220], [35, 254], [38, 278], [46, 282], [99, 283], [189, 370], [203, 369], [205, 362], [217, 354], [241, 357], [253, 349], [293.6, 344], [312, 345], [357, 357], [386, 354], [413, 362], [435, 375], [460, 379], [468, 383], [500, 383], [496, 364], [474, 346], [468, 290], [454, 271], [481, 231], [508, 230], [504, 209], [496, 202], [495, 185], [511, 174], [511, 145], [459, 165], [454, 143], [432, 121], [432, 102], [442, 97], [442, 88], [412, 85], [404, 76], [406, 71], [424, 62], [436, 50], [434, 45], [415, 41], [409, 33], [425, 6], [425, 0], [408, 0], [397, 24], [375, 50], [352, 50], [341, 41], [343, 30], [334, 25], [327, 25], [321, 31], [288, 31], [274, 19], [254, 14], [249, 15], [247, 23], [194, 32], [181, 40], [157, 34], [154, 39], [158, 47], [150, 55], [125, 59], [108, 74], [107, 89], [112, 112], [97, 117], [121, 140], [113.75, 148], [68, 150], [48, 156], [38, 166]]"
French Fries,190.5,287,341,240,"[[20, 238], [22, 258], [40, 283], [57, 273], [64, 264], [77, 280], [85, 284], [85, 312], [114, 342], [113, 367], [102, 378], [100, 389], [111, 396], [147, 405], [175, 407], [249, 401], [361, 292], [361, 284], [355, 278], [315, 251], [270, 206], [224, 174], [207, 167], [148, 169], [97, 183], [35, 220]]"
French Fries,255.5,203,511,360,"[[420, 23], [389, 36], [356, 41], [325, 40], [276, 54], [254, 56], [227, 68], [208, 67], [172, 79], [121, 85], [115, 95], [126, 109], [114, 121], [38, 114], [0, 91], [0, 122], [26, 136], [70, 171], [57, 185], [3, 190], [10, 209], [21, 211], [27, 228], [0, 235], [0, 259], [88, 242], [104, 242], [126, 252], [153, 254], [184, 271], [144, 349], [135, 377], [139, 379], [150, 375], [173, 355], [194, 372], [191, 383], [212, 383], [241, 356], [291, 289], [306, 298], [318, 296], [338, 273], [384, 248], [380, 231], [487, 173], [511, 147], [511, 138], [502, 138], [485, 140], [466, 149], [420, 89], [434, 74], [422, 70], [417, 64], [417, 59], [430, 45], [429, 26]]"
French Fries,285.5,261,435,500,"[[96, 102], [98, 175], [87, 205], [69, 279], [68, 308], [75, 366], [89, 423], [98, 449], [114, 476], [122.5, 478], [130, 494], [149, 493], [162, 485], [181, 462], [198, 474], [225, 484], [258, 485], [305, 442], [349, 412], [382, 511], [413, 511], [379, 416], [391, 416], [395, 422], [408, 425], [413, 422], [420, 395], [428, 386], [493, 375], [499, 370], [503, 355], [501, 349], [493, 345], [437, 354], [422, 351], [422, 345], [471, 290], [481, 264], [472, 262], [456, 274], [421, 223], [459, 182], [445, 172], [424, 167], [416, 159], [402, 116], [367, 60], [374, 31], [367, 29], [343, 49], [332, 49], [320, 36], [327, 21], [327, 13], [321, 11], [282, 44], [261, 45], [257, 62], [232, 60], [223, 73], [213, 72], [202, 65], [198, 47], [186, 45], [175, 51], [172, 58], [147, 79], [136, 75], [121, 76]]"
French Fries,190.5,260.5,381,501,"[[1, 202], [0, 216], [32, 322], [25, 339], [35, 361], [35, 373], [24, 394], [28, 415], [42, 410], [81, 367], [93, 380], [84, 478], [76, 511], [161, 511], [205, 446], [254, 386], [261, 397], [252, 450], [253, 463], [264, 491], [278, 500], [291, 503], [297, 498], [294, 412], [296, 394], [303, 385], [351, 440], [363, 438], [371, 419], [371, 405], [330, 353], [345, 345], [344, 319], [350, 300], [371, 275], [381, 270], [381, 255], [376, 252], [348, 200], [352, 178], [349, 164], [351, 138], [318, 111], [319, 73], [304, 71], [298, 76], [286, 56], [291, 25], [284, 10], [279, 10], [274, 21], [250, 105], [242, 113], [210, 92], [199, 90], [192, 97], [198, 111], [151, 158], [27, 179], [15, 185]]"
French Fries,249,286,474,450,"[[44, 175], [48, 211], [59, 214], [73, 210], [82, 217], [85, 226], [79, 237], [81, 267], [76, 279], [75, 301], [66, 318], [44, 313], [20, 325], [18, 336], [12, 342], [12, 399], [39, 413], [57, 433], [60, 467], [54, 480], [62, 511], [162, 509], [182, 492], [187, 481], [205, 486], [212, 500], [225, 500], [232, 510], [239, 510], [256, 502], [439, 495], [453, 489], [465, 476], [471, 461], [471, 438], [478, 426], [476, 396], [458, 372], [437, 359], [423, 355], [419, 345], [443, 298], [460, 287], [466, 254], [485, 228], [486, 162], [468, 148], [456, 127], [441, 130], [425, 128], [422, 131], [216, 104], [203, 94], [188, 72], [161, 61], [103, 87], [85, 111], [62, 167]]"
French Fries,191.5,321,383,380,"[[3, 171], [8, 189], [0, 192], [0, 245], [5, 270], [0, 286], [50, 367], [63, 395], [93, 408], [113, 440], [209, 452], [217, 457], [216, 494], [229, 511], [251, 511], [263, 466], [272, 453], [336, 461], [350, 470], [383, 476], [383, 301], [361, 291], [347, 266], [317, 249], [313, 219], [307, 212], [251, 190], [244, 183], [243, 168], [239, 165], [92, 133], [77, 134], [70, 144], [60, 145], [47, 134], [34, 131], [32, 139.5]]"
French Fries,189.5,255.5,379,511,"[[18, 30], [15, 48], [0, 57], [0, 511], [126, 511], [152, 508], [178, 476], [173, 453], [184, 429], [184, 395], [188, 381], [201, 373], [236, 420], [249, 431], [270, 432], [276, 424], [291, 436], [307, 437], [331, 424], [339, 415], [339, 397.75], [355, 383], [356, 367], [336, 344], [343, 336], [325, 315], [318, 278], [331.333, 270], [379, 272], [379, 187], [341, 197], [320, 176], [291, 155], [287, 140], [275, 120], [311, 87], [310, 72], [305, 68], [291, 68], [254, 93], [239, 97], [227, 84], [194, 64], [169, 54], [155, 68], [132, 44], [122, 0], [105, 0], [101, 18], [106, 30], [106, 50], [108, 59], [118, 71], [110, 79], [110, 90], [106, 94], [86, 95], [77, 83], [49, 67], [39, 32], [25, 26]]"
French Fries,190.5,255.5,381,511,"[[162, 0], [0, 0], [0, 511], [375, 511], [379, 504], [381, 505], [381, 184], [359, 187], [353, 181], [347, 181], [330, 152], [319, 142], [306, 139], [292, 126], [298, 116], [316, 106], [323, 91], [325, 63], [319, 22], [309, 15], [275, 32], [262, 51], [246, 60], [235, 77], [217, 89], [206, 103], [175, 120], [167, 116], [178, 85], [180, 47]]"
French Fries,142,83,234,166,"[[48, 56], [52, 64], [34, 126], [29, 128], [25, 137], [30, 145], [64, 140], [76, 143], [77, 148], [89, 149], [97, 156], [134, 166], [150, 166], [164, 160], [205, 158], [214, 161], [222, 151], [228, 122], [252, 116], [258, 105], [259, 88], [251, 51], [255, 35], [237, 13], [229, 14], [224, 0], [166, 0], [174, 12], [151, 20], [138, 20], [125, 14], [97, 13], [92, 15], [92, 20], [104, 32], [97, 40], [80, 40]]"
French Fries,250,228.5,500,305,"[[53, 149], [56, 164], [65, 168], [57, 217], [52, 218], [51, 228], [25, 273], [0, 300], [0, 330], [18, 320], [48, 290], [76, 278], [103, 271], [154, 273], [184, 288], [205, 312], [204, 350], [210, 358], [211, 369], [225, 381], [344, 381], [380, 372], [384, 356], [378, 348], [387, 334], [406, 333], [408, 322], [436, 298], [445, 298], [464, 314], [474, 313], [456, 278], [408, 238], [435, 220], [482, 219], [497, 216], [500, 212], [483, 200], [462, 197], [444, 184], [404.5, 177], [397, 154], [407, 147], [408, 136], [400, 134], [383, 141], [373, 141], [354, 134], [339, 107], [317, 89], [227, 76], [189, 86], [194, 94], [186, 101], [184, 112], [170, 124], [162, 125], [154, 115], [147, 114], [134.5, 124], [126, 125], [127, 132], [138, 144], [133, 149], [118, 141], [77, 135], [60, 136]]"
French Fries,190.5,253.5,381,477,"[[7, 18], [0, 39], [0, 492], [123, 492], [191, 458], [228, 453], [241, 459], [256, 459], [322, 442], [364, 410], [381, 389], [381, 183], [368, 180], [361, 173], [355, 142], [320, 134], [299, 115], [273, 107], [268, 101], [267, 91], [229, 89], [231, 69], [239, 58], [236, 48], [211, 49], [193, 57], [150, 57], [54, 29], [50, 24], [30, 18], [14, 15]]"
French Fries,191.5,266.5,383,489,"[[16, 54], [21, 81], [0, 95], [0, 475], [9, 511], [383, 511], [383, 103], [374, 107], [333, 108], [276, 100], [262, 94], [236, 93], [194, 82], [188, 80], [184, 59], [159, 61], [141, 46], [124, 44], [103, 22], [79, 23], [47, 45], [24, 48]]"
French Fries,245.5,219.5,457,323,"[[18, 158], [21, 189], [32, 204], [17, 218], [17, 227], [31, 232], [104, 241], [112, 265], [152, 326], [172, 346], [190, 350], [200, 363], [209, 363], [216, 353], [214, 333], [228, 328], [263, 370], [270, 373], [280, 372], [282, 357], [316, 343], [326, 379], [331, 381], [339, 373], [335, 345], [340, 334], [361, 331], [401, 315], [433, 286], [446, 281], [452, 274], [466, 281], [474, 280], [455, 258], [459, 250], [472, 247], [473, 241], [423, 215], [427, 203], [440, 199], [437, 193], [415, 186], [366, 161], [355, 129], [337, 105], [308, 100], [311, 115], [294, 133], [255, 79], [235, 58], [228, 59], [225, 67], [254, 104], [250, 111], [230, 117], [217, 129], [208, 119], [193, 132], [181, 123], [159, 117], [155, 119], [154, 127], [36, 154], [24, 153]]"
French Fries,277,287,274,192,"[[148, 241], [149, 256], [160, 285], [161, 311], [154, 337], [140, 359], [142, 364], [163, 361], [183, 345], [191, 345], [218, 354], [270, 363], [279, 363], [299, 353], [321, 375], [331, 377], [335, 383], [392, 383], [395, 381], [396, 371], [380, 342], [380, 334], [383, 331], [408, 333], [414, 329], [389, 307], [394, 296], [379, 278], [379, 258], [370, 235], [370, 231], [400, 214], [395, 202], [367, 208], [348, 207], [306, 191], [266, 191], [253, 205], [216, 218], [198, 210], [192, 194], [179, 193], [165, 210], [155, 216]]"
French Fries,208,200.5,416,365,"[[2, 209], [4, 218], [11, 224], [16, 247], [11, 254], [0, 249], [0, 276], [30, 288], [102, 374], [110, 379], [132, 380], [141, 383], [354, 383], [349, 369], [352, 353], [368, 346], [401, 306], [399, 263], [395, 254], [379, 239], [383, 220], [382, 199], [386, 193], [380, 182], [379, 167], [386, 141], [413, 121], [416, 112], [411, 102], [389, 96], [383, 87], [341, 63], [340, 56], [347, 40], [344, 31], [323, 43], [273, 26], [266, 18], [253, 18], [228, 29], [209, 24], [161, 52], [135, 60], [127, 70], [98, 86], [95, 92], [98, 105], [50, 155], [48, 162], [23, 170]]"
French Fries,142,128.5,128,127,"[[183, 65], [179, 74], [171, 74], [160, 83], [120, 83], [116, 74], [98, 79], [78, 74], [84, 109], [91, 123], [102, 139], [136, 173], [132, 181], [134, 192], [147, 192], [172, 181], [176, 183], [191, 163], [203, 131], [206, 109], [200, 98], [190, 97], [185, 87]]"
French Fries,269.5,190,333,320,"[[103, 178], [103, 190], [131, 222], [132, 241], [142, 266], [168, 301], [206, 331], [264, 350], [305, 348], [316, 344], [340, 324], [391, 258], [436, 246], [430, 237], [398, 240], [386, 230], [394, 206], [384, 167], [368, 145], [323, 100], [323, 83], [310, 81], [280, 57], [279, 36], [274, 30], [263, 33], [251, 31], [238, 38], [229, 62], [211, 78], [203, 82], [176, 84], [165, 90]]"
French Fries,191,269,382,484,"[[56, 58], [66, 78], [66, 90], [43, 114], [0, 175], [0, 511], [341, 511], [346, 503], [363, 506], [378, 480], [370, 467], [370, 459], [378, 453], [379, 433], [352, 412], [376, 390], [382, 376], [382, 119], [382, 89], [378, 77], [361, 66], [344, 71], [327, 39], [313, 27], [296, 29], [274, 48], [263, 52], [201, 66], [176, 63], [173, 45], [158, 38], [150, 38], [113, 60], [102, 61], [75, 48], [61, 51]]"
French Fries,136,119.5,250,213,"[[12, 87], [12, 91], [17, 92], [18, 193], [12, 194], [11, 198], [19, 209], [32, 210], [64, 226], [109, 221], [164, 197], [191, 176], [212, 153], [228, 129], [236, 107], [261, 95], [244, 84], [238, 52], [216, 34], [214, 26], [203, 21], [202, 25], [165, 30], [158, 22], [146, 27], [138, 13], [129, 15], [124, 31], [96, 40], [88, 61], [60, 82], [20, 80]]"
French Fries,190.5,255.5,381,511,"[[11, 1], [0, 8], [0, 511], [381, 511], [381, 89], [367, 84], [322, 41], [321, 27], [315, 20], [316, 7], [298, 0]]"
French Fries,285.5,187.5,361,259,"[[105, 159], [113, 197], [148, 192], [163, 194], [206, 227], [221, 229], [225, 244], [219, 290], [241, 294], [254, 312], [302, 308], [323, 317], [331, 316], [330, 308], [436, 212], [449, 215], [453, 202], [443, 194], [466, 175], [462, 164], [429, 179], [419, 179], [406, 169], [389, 168], [371, 152], [386, 139], [389, 131], [390, 124], [385, 118], [389, 108], [384, 100], [374, 97], [350, 110], [314.571, 110], [303, 105], [295, 86], [299, 65], [294, 61], [284, 61], [260, 78], [242, 69], [234, 69], [223, 58], [216, 59], [208, 69], [180, 69], [174, 85], [130, 108], [131, 126], [123, 145]]"
French Fries,211.5,234,423,298,"[[7, 124], [0, 132], [0, 383], [423, 383], [421, 378], [400, 376], [383, 368], [384, 361], [406, 339], [415, 323], [410, 270], [395, 230], [382, 209], [356, 184], [338, 139], [328, 129], [311, 122], [289, 106], [264, 99], [124, 85], [53, 88]]"