filename,width,height,class,xmin,ymin,xmax,ymax
2909830_jpg.rf.bb9125215f38f22139f72d04f19e6931.jpg,512,512,Apple Pie,210,43,397,259
108743_jpg.rf.260978b4f8ae78f4ebb41f48ef501679.jpg,512,384,French Fries,50,3,442,383
149278_jpg.rf.86187fd5bd1698133cb7a973c6060449.jpg,512,384,French Fries,33,0,260,167
2986199_jpg.rf.ac0b99e71100520e6608ef72b12ee27e.jpg,512,512,Apple Pie,28,37,291,233
2934928_jpg.rf.c8f427a0d3e7ba9342fe37276fb15ab3.jpg,512,512,Apple Pie,9,54,463,465
10897_jpg.rf.f43756c9cf51839ce7c490cf27665b61.jpg,384,512,French Fries,81,128,275,357
3004621_jpg.rf.1a70aad430f7fcc72cc14f91446d4c08.jpg,512,512,Apple Pie,278,306,400,446
3004621_jpg.rf.1a70aad430f7fcc72cc14f91446d4c08.jpg,512,512,Apple Pie,399,354,502,463
3004621_jpg.rf.1a70aad430f7fcc72cc14f91446d4c08.jpg,512,512,Apple Pie,359,296,458,368
3004621_jpg.rf.1a70aad430f7fcc72cc14f91446d4c08.jpg,512,512,Apple Pie,13,263,259,385
3025907_jpg.rf.0f3028605ee18e36fff9c865cf18404a.jpg,512,512,Apple Pie,161,21,437,478
43636_jpg.rf.5e05692c9c9c1bb56a4f054c8a4067ae.jpg,512,384,French Fries,11,13,261,226
2922138_jpg.rf.d97d92a1aed0b5378c5906c34b012c46.jpg,512,512,Apple Pie,0,172,511,392
87125_jpg.rf.8cf2d3faf2db0e8a8b3d2efb6915d22c.jpg,383,512,French Fries,11,97,382,482
24479_jpg.rf.b25e75ff63615fc5b9e28106391354a0.jpg,384,512,French Fries,78,65,206,192
2911777_jpg.rf.2e5b8b7be8a171637a2d0255567c4120.jpg,512,512,Apple Pie,0,0,511,509
2969119_jpg.rf.4ae7b3efbc5cf69e3f5109f123096d3f.jpg,512,512,Apple Pie,3,259,511,481
2872568_jpg.rf.084597fe1934a870124f37381b9e8227.jpg,512,512,Apple Pie,82,136,424,407
109401_jpg.rf.f4ffc5dab16710c553f2687ed806e6b9.jpg,382,512,French Fries,0,0,381,511
2869633_jpg.rf.e01788f9d6e0cda842e09426808d608a.jpg,384,512,Apple Pie,107,84,383,394
10500_jpg.rf.e717cdb8c03dd9ebcffa7738c6267da0.jpg,512,384,French Fries,28,0,511,383
85375_jpg.rf.99469f43dfe167e89edeeb821668913c.jpg,383,512,French Fries,0,133,381,511
168924_jpg.rf.7fdd5437cc7ad00f0d23701097d59252.jpg,512,512,French Fries,67,15,485,511
51678_jpg.rf.963402ffaaba3375d80ef836fe1175e1.jpg,384,512,French Fries,0,0,383,511
2977851_jpg.rf.63d9e935910f5d324b4975f2a3a9aa3e.jpg,512,512,Apple Pie,182,100,464,288
756143_jpg.rf.95fc80368ebce7b92374a8705350268e.jpg,512,384,French Fries,7,0,491,383
123929_jpg.rf.bffb877a012fd00603a5bd866bd7eb31.jpg,382,512,French Fries,0,135,381,511
184954_jpg.rf.405ec3d74b2b6d67a8607437409d2811.jpg,384,512,French Fries,0,0,383,511
3139_jpg.rf.03fe86c2af97feebff5148b34ea8c58e.jpg,512,384,French Fries,99,77,392,319
2975948_jpg.rf.b687facb104c8e9bc86d92359e555a99.jpg,512,512,Apple Pie,0,0,511,511
2989799_jpg.rf.f36e1fa548285c0efa22bd910bc1aabc.jpg,512,512,Apple Pie,1,20,511,511
2997124_jpg.rf.1ac5b7b22af96ae5e6b8943f767280e5.jpg,512,512,Apple Pie,15,30,487,467
112309_jpg.rf.5a9773beea2c4e41d6862ffb0c94c7a2.jpg,512,511,French Fries,103,30,436,350
100148_jpg.rf.2206fe7bfbb84220314498f35fae6bbb.jpg,512,384,French Fries,126,61,500,367
2928660_jpg.rf.e421ff4fd56e9d5ad264e4fa8ef1b9c0.jpg,512,512,Apple Pie,0,17,511,511
3027601_jpg.rf.eae04805beabc89e4d53d8dae20c2ac7.jpg,512,512,Apple Pie,0,61,510,456
2956823_jpg.rf.26e5cb8a4e3fe6440a2f8ef6e0a645c0.jpg,512,512,Apple Pie,0,105,393,351
2983047_jpg.rf.0581d006429c601c3b014a9e4abe4b5c.jpg,512,512,Apple Pie,0,94,511,508
2983047_jpg.rf.0581d006429c601c3b014a9e4abe4b5c.jpg,512,512,Apple Pie,2,0,414,192
123902_jpg.rf.71f5629884df1f8990ef74fff2063962.jpg,512,382,French Fries,67,33,404,295
2878249_jpg.rf.2f784befa1219c6f2eb618bd16f3f7db.jpg,512,512,Apple Pie,55,105,464,485
146029_jpg.rf.2fd6db836698c5c622f267d00c81ca38.jpg,384,512,French Fries,0,130,383,511
2918880_jpg.rf.b1ab793d039a6556b4045994b9c4fc07.jpg,512,512,Apple Pie,2,47,511,386
107312_jpg.rf.8198f7ba23586cddc4f8fc6e67b1bd06.jpg,382,512,French Fries,0,84,381,398
2900219_jpg.rf.50be6f641a053826c409c1215faaa368.jpg,384,512,Apple Pie,9,60,373,479
80315_jpg.rf.3ca1dbbd6c5452d73a727b126d90db12.jpg,384,512,French Fries,20,167,361,407
20215_jpg.rf.59581a889aad3adece0940dc80450185.jpg,512,384,French Fries,0,23,511,383
63947_jpg.rf.efe5f2dfb3acc73cfd26fac95f580c29.jpg,512,384,French Fries,0,85,423,383
143158_jpg.rf.cc6d51c65d22618264f4ebd0b0c9e45d.jpg,382,512,French Fries,0,89,316,454
48052_jpg.rf.e28830e6bafb9dabcca93b2f7299d3bc.jpg,512,341,French Fries,166,33,511,325
143685_jpg.rf.5193e8198e44f99cfcd21c74219d7165.jpg,384,512,French Fries,40,79,300,250
2955004_jpg.rf.46db4a681bc0971107a05d3c97b2fa51.jpg,512,512,Apple Pie,295,124,485,403
2921600_jpg.rf.f5a352c84cc8dafb0a4c55a1d68b5de1.jpg,512,512,Apple Pie,74,61,490,378
2874860_jpg.rf.2d183160a715f5e30cea0d9e4141bf4c.jpg,512,512,Apple Pie,159,0,511,452
51368_jpg.rf.65ace76e069341135bcf4972f667d129.jpg,386,512,French Fries,0,5,385,507
2968812_jpg.rf.63eafefc8a46315e34531431e9bb2a45.jpg,512,512,Apple Pie,16,0,493,511
153648_jpg.rf.3ee0afbc1337bbb0acd1421bed12f0b4.jpg,512,382,French Fries,17,58,472,381
80190_jpg.rf.819b6fe74c293655848927d88571fa81.jpg,512,384,French Fries,140,191,414,383
177372_jpg.rf.7600cd4cce3cc1f7e5b288b656e05f91.jpg,382,512,French Fries,0,0,381,511
201362_jpg.rf.e9fba0ac4e8c7ce178d7fc8a40834793.jpg,512,512,French Fries,12,62,487,511
2929330_jpg.rf.09b3c0cd7c7b0a6f21f35946abb422b3.jpg,512,512,Apple Pie,7,105,511,351
2948680_jpg.rf.570cad609d2eeeffaa34bcfc4fc1d2cf.jpg,512,341,Apple Pie,31,51,478,284
2881877_jpg.rf.a4ff373bec170e977fbf6f7cd5c61272.jpg,512,512,Apple Pie,51,172,419,344
2911613_jpg.rf.fd5e8c96fa9d166391f3c8b42f91ce4f.jpg,512,384,Apple Pie,49,27,439,335
2940483_jpg.rf.3d1d690aa51f80003aead68d2c20b7c6.jpg,512,512,Apple Pie,0,74,511,355
3018695_jpg.rf.6b2373cf6a63dc2b5f997ecc58d2050e.jpg,512,512,Apple Pie,42,116,509,437
82535_jpg.rf.4abfc794ac6e03e09539c9550d0382bf.jpg,512,512,French Fries,0,0,511,511
57594_jpg.rf.a54ff16b6b5429a0eb52b70834954734.jpg,512,384,French Fries,0,23,511,358
145012_jpg.rf.4544abe395055b02ccd3e1076038f4ff.jpg,382,512,French Fries,25,17,381,511
145012_jpg.rf.4544abe395055b02ccd3e1076038f4ff.jpg,382,512,French Fries,0,10,381,511
2929448_jpg.rf.955e26f5d5a9cdfffa31a5ace4a7966d.jpg,512,512,Apple Pie,0,0,511,461
166821_jpg.rf.2b4360a4122ab2bcc7e6fd25c876c33c.jpg,512,382,French Fries,0,76,499,381
2909139_jpg.rf.6e30771271c08a12782c9e419f9fdc75.jpg,512,512,Apple Pie,174,173,427,508
2961496_jpg.rf.43dc0e67df7f1957c3a7861fd40112a0.jpg,512,512,Apple Pie,2,46,511,423
89974_jpg.rf.9175a696a5c27575a128c9a9c04fbafd.jpg,383,512,French Fries,0,27,382,511
50277_jpg.rf.c20589281901857f20c2f3d4b15959be.jpg,384,512,French Fries,0,100,348,260
2923139_jpg.rf.6184f1b6d1bade1a82a9d6f91f31c5a8.jpg,512,512,Apple Pie,0,1,511,511
2961406_jpg.rf.5c6796c196fb612725e13fbc9036afc4.jpg,512,512,Apple Pie,58,51,384,387
65608_jpg.rf.0efa9b3f8fa6b2c8fce37a356bb0dc51.jpg,512,384,French Fries,93,25,511,374
80887_jpg.rf.e8ffd233a755298d2acd654cecd9693a.jpg,384,512,French Fries,18,136,383,478
2861144_jpg.rf.a9287e2d7af886a3c026273c3349edba.jpg,512,512,Apple Pie,98,97,511,511
2861144_jpg.rf.a9287e2d7af886a3c026273c3349edba.jpg,512,512,Apple Pie,0,0,279,259
2861144_jpg.rf.a9287e2d7af886a3c026273c3349edba.jpg,512,512,Apple Pie,91,113,512,512
2989031_jpg.rf.ae4d22835c0fd37f75ad1abc5664a502.jpg,384,512,Apple Pie,22,163,348,345
2915359_jpg.rf.8a08d99c25e9301811d89c2282ee6a55.jpg,512,512,Apple Pie,26,82,416,363
71701_jpg.rf.247d8723c3c641aa27d47c6c667a753c.jpg,512,341,French Fries,105,58,466,317
106608_jpg.rf.6127a2042d4c2e81c5bb0b190d564273.jpg,382,512,French Fries,142,149,306,266
87020_jpg.rf.75ce91462b1a78aa7c89ab1efec31f43.jpg,512,384,French Fries,244,74,511,257
3023096_jpg.rf.b8568898321d7dcff6e1e5ff67b15dc2.jpg,512,512,Apple Pie,0,154,476,511
2902847_jpg.rf.5af2b9f63074be63f06affec03129ad3.jpg,512,384,Apple Pie,0,1,511,313
110385_jpg.rf.ed897b8ba0e20976351d7e0777963d00.jpg,384,512,French Fries,0,108,383,423
110385_jpg.rf.ed897b8ba0e20976351d7e0777963d00.jpg,384,512,French Fries,130,394,292,469
2914000_jpg.rf.88a94b773cb64586c21e6613e94562d6.jpg,512,512,Apple Pie,57,123,403,304
17394_jpg.rf.15aed6ab85020b549693f8d62538aed1.jpg,512,384,French Fries,0,18,416,383
80865_jpg.rf.e7d3b6695d19cb1b691d08b996db7dcc.jpg,384,512,French Fries,0,0,383,511
82946_jpg.rf.90c898c2ea4609833965efaaac63ef76.jpg,342,512,French Fries,0,0,341,511
52510_jpg.rf.74a85741dea0f0221ee0772acb8da6c2.jpg,384,512,French Fries,0,162,319,354
2967700_jpg.rf.1f5ccaabc8c8a0a612391457d8c9f437.jpg,512,384,Apple Pie,75,126,305,368
60306_jpg.rf.30830dd2086f36daba0bf537c79fc59a.jpg,384,512,French Fries,0,0,383,511
3021995_jpg.rf.d971ea997fc485f7cf5ae102bc9eb36b.jpg,512,512,Apple Pie,0,25,503,488
152498_jpg.rf.0750e3b560a0832e036b0a1653e62058.jpg,382,512,French Fries,0,0,381,511
2994917_jpg.rf.d5773ca3e3024d5a85155b68e3054395.jpg,512,512,Apple Pie,3,56,511,508
147628_jpg.rf.d1f7f0ff18c591795cb37c98840fc0d4.jpg,384,512,French Fries,0,23,383,511
2945592_jpg.rf.1df52178677bd1e0eb2baa789a9547f7.jpg,512,512,Apple Pie,6,98,472,354
2968495_jpg.rf.8236fb54a3945fdfc4285278f2ebd532.jpg,512,512,Apple Pie,73,19,461,419
2924795_jpg.rf.ca21f5dc8f841550cd8f70fb2178eb1e.jpg,384,512,Apple Pie,15,74,363,380
93653_jpg.rf.c6cc96b4d0e56222c18ce6e05eafd9a8.jpg,512,383,French Fries,0,37,468,359
2856319_jpg.rf.c6c54e0a3c7ca3da1ad2348f819e82ac.jpg,512,512,Apple Pie,107,152,384,384
75444_jpg.rf.c08ef29453204f2fa705d5d387d6e7ff.jpg,512,512,pancakes,102,244,406,471
106087_jpg.rf.a81b88041c202493588d215f5cb7845d.jpg,512,512,pancakes,0,189,512,438
90596_jpg.rf.71ec9e780110734aece91d440471a6ef.jpg,512,512,pancakes,2,90,505,468
50338_jpg.rf.cd98c422d4d4d15011ff27a6898fe67d.jpg,512,512,pancakes,15,47,503,482
3835283_jpg.rf.ca5e733d59b7ab93885edc90d2d8813c.jpg,512,512,pancakes,166,121,334,317
3824064_jpg.rf.00174935564bfe6224feb519c7f2f1dd.jpg,512,512,pancakes,13,83,464,425
79573_jpg.rf.47b7f21305b1423a0a945437da37b6ba.jpg,512,512,pancakes,3,34,510,414
8231_jpg.rf.4354bdb0f34121cd117f2aa362bfe6a5.jpg,512,512,pancakes,7,68,512,458
3836929_jpg.rf.f9186e16de0d96451f22eebab6283bd7.jpg,512,512,pancakes,4,60,355,424
3839051_jpg.rf.d221802eea6127e70c27a5dc2334f403.jpg,512,512,pancakes,49,141,483,414
45158_jpg.rf.5677b1391afbf46bf9e4756c4239c3df.jpg,512,512,pancakes,2,88,489,387
31263_jpg.rf.a1055c6fc23e8ee4152a28daf5e13180.jpg,512,512,pancakes,78,119,425,388
101644_jpg.rf.8b37d58123606655943b2aca16140643.jpg,512,512,pancakes,56,26,388,427
47437_jpg.rf.951fe54fff8c14f63197be1e1e6ed55c.jpg,512,512,pancakes,42,129,464,361
96818_jpg.rf.0ba895ae556201f81765d8f8ed04f009.jpg,512,512,pancakes,9,74,464,411
3816498_jpg.rf.4b77293036d1432781256dee48c291d1.jpg,512,512,pancakes,57,40,454,406
83414_jpg.rf.7dbb8db9eb9682b9e73e31aa2045371f.jpg,512,512,pancakes,39,165,272,455
68212_jpg.rf.42d269712518dd4fda555d81f1a96f00.jpg,512,512,pancakes,6,138,317,471
45057_jpg.rf.0abe15deda5e58a5d0a20d2cce9670d4.jpg,512,512,pancakes,22,129,412,508
53205_jpg.rf.9ef69770200df1c3d9f562deba82fcb8.jpg,512,512,pancakes,34,66,462,432
59990_jpg.rf.918130cdafac959e4c9a533154bf9761.jpg,512,512,pancakes,13,71,502,460
45113_jpg.rf.7e86c89fcd80a8bdbf0cd38d9a70d016.jpg,512,512,pancakes,6,135,508,462
76943_jpg.rf.2036dd253f1a929fe2f719b1442ca041.jpg,512,512,pancakes,88,179,400,484
85516_jpg.rf.129fc650fb78c68b9273bf9e9d0e057c.jpg,512,512,pancakes,32,123,475,472
23449_jpg.rf.3af0c9a7bab3c81f2b0da928b8483ea4.jpg,512,512,pancakes,78,191,399,420
104519_jpg.rf.4c993c56e9cf04a133dd47030acda586.jpg,512,512,pancakes,124,216,485,425
3885888_jpg.rf.d7306e0f9c4e364cff4bf5cb72566d6b.jpg,512,512,pancakes,83,72,456,380
12564_jpg.rf.f46a5b36dd45c374bb7ffa198b0906fd.jpg,512,512,pancakes,27,74,409,477
3883726_jpg.rf.75f7f2859c0f5858da4ab80d0a9cf901.jpg,512,512,pancakes,32,89,418,416
49440_jpg.rf.8a603fd19cac951b30d414510f8f2bf1.jpg,512,512,pancakes,98,166,437,410
69250_jpg.rf.f754505bdfb622210ba303380452568a.jpg,512,512,pancakes,53,55,462,408
13285_jpg.rf.0c5df2e3abee69da39f0661b827e5e7c.jpg,512,512,pancakes,17,118,484,366
44091_jpg.rf.d9413c496d1cb9ad195daa455dba7141.jpg,512,512,pancakes,4,173,305,512
56501_jpg.rf.ec89927ffd496c71cf98aaa5c27aa941.jpg,512,512,pancakes,109,157,488,470
75441_jpg.rf.4512ce126d96fc87c5fbb92c17b317cd.jpg,512,512,pancakes,91,164,473,501
63754_jpg.rf.c7300020af009889f470956e4a2c4184.jpg,512,512,pancakes,6,44,511,510
89431_jpg.rf.38f8d0947d151c9d57126019c2aee62f.jpg,512,512,pancakes,9,86,380,480
3877577_jpg.rf.45498f872339570f10793c7737cef732.jpg,512,512,pancakes,69,14,501,419
91756_jpg.rf.227cc021b5be0adf29ca6495e3fb1932.jpg,512,512,pancakes,39,146,512,476
101450_jpg.rf.eddcc68593aa541ba3d9cce8835094be.jpg,512,512,pancakes,22,179,229,306
101450_jpg.rf.eddcc68593aa541ba3d9cce8835094be.jpg,512,512,pancakes,227,128,355,180
383370_jpg.rf.b9d93f3a1d2e75359799282fbec1d5e8.jpg,512,512,pancakes,64,168,430,484
380798_jpg.rf.6baedc74e4303ee61cd638547626bc7b.jpg,512,512,pancakes,10,55,508,450
3873025_jpg.rf.2f7b0ffbd902e21f7d05ff67e149dbfb.jpg,512,512,pancakes,69,124,402,412
91418_jpg.rf.c6f3f3ee3a5416d3eb1e0dfb9c02d751.jpg,512,512,pancakes,113,124,400,423
83610_jpg.rf.9eaab1728dfc889fda52e0d00da48a01.jpg,512,512,pancakes,83,163,375,315
28661_jpg.rf.6d504860c52a3cbd8be595f4477a70c5.jpg,512,512,pancakes,80,321,425,452
3879074_jpg.rf.b0127807837dd7aa299d30e8a53b401f.jpg,512,512,pancakes,58,45,400,358
115278_jpg.rf.3dd57121081ef887c5059c6c5e144b3f.jpg,512,512,pancakes,31,150,442,397
77929_jpg.rf.63dcd1a0fb272ce562b622699fefd47e.jpg,512,512,pancakes,16,138,369,375
3808342_jpg.rf.7a12a6c4fca5c3f3bed013e2dccd68eb.jpg,512,512,pancakes,111,222,386,451
111124_jpg.rf.9de1ecdb4441fe088e8dbe0394f84bbb.jpg,512,512,pancakes,73,86,344,412
9949_jpg.rf.79c214a1830051934e6cfe1f557c6f86.jpg,512,512,pancakes,33,182,486,458
3834053_jpg.rf.889789afc62f2165da5ab984dba86bef.jpg,512,512,pancakes,80,256,311,478
73265_jpg.rf.35b7aefd70320f813fa0dc793a50b234.jpg,512,512,pancakes,39,95,499,350
83395_jpg.rf.ac85339b0e2d0df7f4ce2eb7ef5ad86d.jpg,512,512,pancakes,0,51,461,505
3888429_jpg.rf.db86de606d3e0812bc94bce0df0e1d04.jpg,512,512,pancakes,33,88,485,448
25992_jpg.rf.a1e340ee3ae58e66ac330c816a4cb42f.jpg,512,512,pancakes,29,222,338,510
54685_jpg.rf.1d19de7037c0fb92669d73e8034a4915.jpg,512,512,tacos,11,239,311,401
5813_jpg.rf.dbe72b59561e00071f00296810232723.jpg,512,512,tacos,62,100,468,442
1023154_jpg.rf.0259f847cdab5eecd08b2c72ea5fd7d7.jpg,512,512,tacos,192,132,512,425
1119371_jpg.rf.836a7e8178057cd99ddb3a58df7d5691.jpg,512,512,tacos,122,193,511,504
1066762_jpg.rf.34da7952ccdcf1bdafaed744c3e525b3.jpg,512,512,tacos,9,4,402,303
75990_jpg.rf.2b62441c87e5bcc5a5b24db5077579b1.jpg,512,512,tacos,14,132,508,451
1137119_jpg.rf.4e9fc53ba55c618f3f122f68dfe24416.jpg,512,512,tacos,3,155,512,410
20532_jpg.rf.2ec911bd51ecbaa110a221e73776e946.jpg,512,512,tacos,103,275,426,400
1033196_jpg.rf.f4793ee6912ba90a97e10dfe7c00aa9b.jpg,512,512,tacos,69,37,456,433
85137_jpg.rf.dbf8b13be54c42fe84c5c1e5f2ac8055.jpg,512,512,tacos,20,120,234,427
1058697_jpg.rf.187204c8e93dbe0d20f8676a3f9f7c33.jpg,512,512,tacos,2,40,253,475
1058697_jpg.rf.187204c8e93dbe0d20f8676a3f9f7c33.jpg,512,512,tacos,261,81,441,484
63099_jpg.rf.6c49a30b47e19c0d0d483aeb5caf3881.jpg,512,512,tacos,226,139,512,376
36081_jpg.rf.bcde8146b7446e659e5d17e94d563635.jpg,512,512,tacos,41,5,170,312
36081_jpg.rf.bcde8146b7446e659e5d17e94d563635.jpg,512,512,tacos,257,0,387,260
21440_jpg.rf.36864ac430c0d77d6b3ec91966144d77.jpg,512,512,tacos,11,0,304,493
74573_jpg.rf.dcef5d89023ceb7b0f30e0bc10bb98e1.jpg,512,512,tacos,18,52,501,371
1085243_jpg.rf.54c7c798ead5efeb76236a18f0cc85ae.jpg,512,512,tacos,135,30,512,453
54252_jpg.rf.232d391ef2d5bbe0a603a8d11c0fd959.jpg,512,512,tacos,3,253,311,481
1015285_jpg.rf.e7356b427704c6068a72de1c36c96a2a.jpg,512,512,tacos,52,87,241,350
80931_jpg.rf.44d280616fce5a1eef5750015fa0d274.jpg,512,512,tacos,0,49,506,374
17969_jpg.rf.f041f450e8717f0ef29f2b63ff8a7854.jpg,512,512,tacos,285,137,512,427
1109744_jpg.rf.12faf6d321195595d1af404d6c24ca1c.jpg,512,512,tacos,101,122,481,498
1152582_jpg.rf.e47e496c9378ed4548e9b00da1e65448.jpg,512,512,tacos,23,159,453,495
1023947_jpg.rf.ba001ea7e353c5f2d409c1bdad58ad70.jpg,512,512,tacos,8,124,508,481
1136805_jpg.rf.c743d1ba3fd1cdb065a5a900cfbe3f3a.jpg,512,512,tacos,18,75,512,439
1130893_jpg.rf.a3dbc8d892a0773dd0679447ebaa59b8.jpg,512,512,tacos,6,52,506,429
60069_jpg.rf.386922229685351d9b581ade755fa3fb.jpg,512,512,tacos,222,43,511,382
17688_jpg.rf.bdcb6ec3fe7e67d25db538be2b275df1.jpg,512,512,tacos,12,117,316,431
1135415_jpg.rf.5ce11b6afe7e69bda9004d85f78b48fc.jpg,512,512,tacos,11,24,438,512
27330_jpg.rf.d5d3a695e430210c9e809a4a13683b29.jpg,512,512,tacos,23,57,467,390
28387_jpg.rf.89302ceb66fad004820a2720a4169ca9.jpg,512,512,tacos,134,180,374,292
58856_jpg.rf.e1e5070ff62d89fe2a75e5fd8d224bb5.jpg,512,512,tacos,32,211,297,467
20787_jpg.rf.3d85002bfbaa96f20c668c54adbfbeba.jpg,512,512,tacos,22,58,504,494
45035_jpg.rf.9f80f21f2feccd15889c0cd01614584a.jpg,512,512,tacos,41,108,487,463
53758_jpg.rf.525bf142a2e976c177d428d9f85b7534.jpg,512,512,tacos,253,145,499,392
1026681_jpg.rf.0e81327aa54a97a497250a8d0b293bf9.jpg,512,512,tacos,107,125,448,460
20087_jpg.rf.186aec1ebe5f1a41d52e3047772d6d39.jpg,512,512,tacos,33,20,508,494
49803_jpg.rf.9167fefe88ed97b0e29b40cf55e69a83.jpg,512,512,tacos,11,13,507,497
91964_jpg.rf.0c917d27d8f80e5c630140d81031d231.jpg,512,512,tacos,125,272,302,503
91964_jpg.rf.0c917d27d8f80e5c630140d81031d231.jpg,512,512,tacos,326,165,500,410
91964_jpg.rf.0c917d27d8f80e5c630140d81031d231.jpg,512,512,tacos,172,15,328,206
24844_jpg.rf.2dbb7aa9b98b20a16b2bc9a54565755e.jpg,512,512,tacos,52,120,502,441
83935_jpg.rf.29ace67b26475ccaa068775bfe0c9e96.jpg,512,512,tacos,6,13,504,443
6229_jpg.rf.80ee47d4fc83136e17577f21a729032b.jpg,512,512,tacos,0,106,476,390
1044043_jpg.rf.27b60bb4a4924ee02b98148ba0ba8889.jpg,512,512,tacos,51,114,390,494
1073468_jpg.rf.176d565bfddb444223802eabdb8a20fe.jpg,512,512,tacos,4,173,512,450
1075296_jpg.rf.ea23a555cecae73edbcd3c111019e4e7.jpg,512,512,tacos,73,79,508,482
87767_jpg.rf.1851718e9c22e0bf076b72e891d84fef.jpg,512,512,tacos,12,9,506,502
25784_jpg.rf.5788714859500ba398c47de3598f5f9b.jpg,512,512,tacos,14,39,490,497
2030_jpg.rf.cc3edd6083ce63c242764655cc4a1c4b.jpg,512,512,tacos,75,255,500,460
46246_jpg.rf.3aa264e69573b74d42d7ccc906ffe9e5.jpg,512,512,tacos,19,12,487,485
48506_jpg.rf.bbe6fa6bdb9690b32c6dbc26bebac39a.jpg,512,512,tacos,16,114,457,392
73043_jpg.rf.c2dce8dbeaf868eb4212f7c0033026f1.jpg,512,512,tacos,38,14,448,500
1030289_jpg.rf.702c29c39daf844a889cc73917369bdd.jpg,512,512,tacos,4,182,242,425
1030289_jpg.rf.702c29c39daf844a889cc73917369bdd.jpg,512,512,tacos,271,188,508,423
1030289_jpg.rf.702c29c39daf844a889cc73917369bdd.jpg,512,512,tacos,119,14,371,213
1109058_jpg.rf.d8b263c6bccd1fd713bb2d8645e0f184.jpg,512,512,tacos,31,103,377,509
2965_jpg.rf.637a2986ce957662b2497520e0705d2c.jpg,640,640,Pizza,0,191,640,640
34632_jpg.rf.90afb72898efb2b1b3e47e9ce58bf23c.jpg,640,640,Pizza,1,111,640,640
13983_jpg.rf.0d4ac93c4f94a9122b117eada2910fd5.jpg,640,640,Pizza,2,125,640,640
44449_jpg.rf.7f11c7e56301a5e9a2cf20d6048ccc85.jpg,640,640,Pizza,0,51,640,640
54540_jpg.rf.1f90109934844781d81224632347ce39.jpg,640,640,Pizza,0,82,640,607
61656_jpg.rf.9edef3c44cbe7acff5672e6324f9e0bc.jpg,640,640,Pizza,0,97,640,640
76933_jpg.rf.0f0e73f13c620e6a773e0ca9dee75b2a.jpg,640,640,Pizza,0,66,640,640
54461_jpg.rf.9bcfd21efcd5f2898794be011ba6d8db.jpg,640,640,Pizza,5,234,640,639
89760_jpg.rf.dd252b53e1527feb0057448f97d484be.jpg,640,640,Pizza,6,0,640,640
74097_jpg.rf.aeff78a0ce2582f4f24e14a33e32e841.jpg,640,640,Pizza,0,3,640,640
44810_jpg.rf.8ce6e9740c3375d9c9c81219decde299.jpg,640,640,Pizza,0,95,640,640
70567_jpg.rf.13c06936792513641958ec2745bd3666.jpg,640,640,Pizza,9,62,547,516
40231_jpg.rf.4eced71d5feeb101d40069ae52598d37.jpg,640,640,Pizza,0,88,640,621
12718_jpg.rf.eb5ea9dcf021f3680c4f2a06b1579901.jpg,640,640,Pizza,0,1,640,640
96357_jpg.rf.a3210432004cf785165ea845d5010b80.jpg,640,640,Pizza,0,68,640,628
83538_jpg.rf.27407e00eaa5c7b5505c944e66dfbc43.jpg,640,640,Pizza,0,111,621,640
40449_jpg.rf.f6ffadc3e0b629c8bca03467175bd14f.jpg,640,640,Pizza,2,82,640,601
92750_jpg.rf.71f353886f0d18fbb881f029f2ccc847.jpg,640,640,Pizza,0,15,638,636
32004_jpg.rf.feb771c8e51d40f5e1628aaface60fc5.jpg,640,640,Pizza,1,153,640,492
82772_jpg.rf.aa7f43ee1fd3a8b51310b921bd79d0b7.jpg,640,640,Pizza,0,179,608,569
8917_jpg.rf.4dd9995217dcbedcf28e39a5a4ea523e.jpg,640,640,Pizza,0,0,640,640
83289_jpg.rf.974ce6b48237621175d252b1fb1c28d2.jpg,640,640,Pizza,0,107,640,553
93961_jpg.rf.407f8fa1baba08c4f025c406e65502c4.jpg,640,640,Pizza,0,100,640,512
80750_jpg.rf.206d7e34736d66ecac9838bccd9c33a7.jpg,640,640,Pizza,0,0,640,640
22489_jpg.rf.2be48402aa63fe2555f080f32e683a76.jpg,640,640,Pizza,2,0,639,634
82578_jpg.rf.ab44b52b0f1e03f5157356c1735b9472.jpg,640,640,Pizza,0,78,640,589
63480_jpg.rf.c492a8fa1918accabf36bb31fd575f10.jpg,640,640,Pizza,0,78,640,640
67890_jpg.rf.066d827b2e3bb4b5d1abd9e2c09c9908.jpg,640,640,Pizza,0,0,640,640
11297_jpg.rf.bd256d62e5bd68ff804223879c19fa41.jpg,640,640,Pizza,0,90,566,640
76598_jpg.rf.e14ee5a9e467b633c913e0d8187fa499.jpg,640,640,Pizza,0,63,640,474
29417_jpg.rf.ccb0d09bc015790f09fa3df2b10a7f2b.jpg,640,640,Pizza,7,143,640,640
65128_jpg.rf.e9c5f036b5cebc6a071decd011e7860b.jpg,640,640,Pizza,14,149,633,567
89892_jpg.rf.0e192d084fd9b4b880eac5718491dda2.jpg,640,640,Pizza,96,2,578,637
72716_jpg.rf.2898088fcdc9c00f2934bc14e79816f8.jpg,640,640,Pizza,0,3,576,640
89197_jpg.rf.8f04208744aeb82ee00cb43961265913.jpg,640,640,Pizza,2,132,640,566
38349_jpg.rf.ac3070da1eca1f897a49350dc3949a31.jpg,640,640,Pizza,4,0,640,640
5764_jpg.rf.2f0e53230912b05b4a71263efde267e8.jpg,640,640,Pizza,1,142,639,623
53217_jpg.rf.ae426c98d9169d4caee64fdd35620653.jpg,640,640,Pizza,1,29,640,640
52934_jpg.rf.46de8fe68eda17aa4376d7367d167a9e.jpg,640,640,Pizza,0,21,640,637
61822_jpg.rf.7b6bfafc0d1a6b7445d8d6452021b8c8.jpg,640,640,Pizza,2,3,640,640
12301_jpg.rf.0dba0c96a43e90256f1a3eebae73d254.jpg,640,640,Pizza,5,0,640,640
68684_jpg.rf.328c809d5133e66359b07bb7bc9c541c.jpg,640,640,Pizza,1,0,626,638
56449_jpg.rf.98dafbe32dc426c231e2ee69054427e9.jpg,640,640,Pizza,0,82,640,524
76543_jpg.rf.8fe5723f60f443f845106e1a26ad0002.jpg,640,640,Pizza,137,40,534,571
59445_jpg.rf.26f4f8c2599a0ebbbcd760169e6f1d60.jpg,640,640,Pizza,2,75,640,512
23199_jpg.rf.6cc14b937f322702a644486da19b4562.jpg,640,640,Pizza,0,0,640,640
77677_jpg.rf.f324b9cabce168e28640ec343ab6f0e5.jpg,640,640,Pizza,5,0,640,640
27963_jpg.rf.0e480d152362442c8d260a33b28e1280.jpg,640,640,Pizza,0,37,614,624
94215_jpg.rf.b5c0252849b60ebbdaacbc59e23a814e.jpg,640,640,Pizza,5,53,640,499
67567_jpg.rf.ef26fb0037dc0d6fca8c0d7335487f81.jpg,640,640,Pizza,86,43,637,623
129600-nachos_jpg.rf.fb2c62d5a27956ac372f849803a6df07.jpg,640,640,Nachos,2,169,640,614
126862-nachos_jpg.rf.ce0af492f1e73fe2b567b0e21cd14e28.jpg,640,640,Nachos,4,49,634,509
30238-nachos_jpg.rf.8ed3906204737e6f7d3eac21a6f1a328.jpg,640,640,Nachos,0,46,640,616
92485-nachos_jpg.rf.4c0168420d2b037a2cf98fd028d2d018.jpg,640,640,Nachos,20,3,640,640
125673-nachos_jpg.rf.4974c0f0aa3f556390e01b97da9f1cf6.jpg,640,640,Nachos,5,46,640,616
74023-nachos_jpg.rf.d0ea5a9f5b488f7e5e79e1914e865db0.jpg,640,640,Nachos,59,131,623,615
12459-nachos_jpg.rf.cf52826af94377feb6f41bd87245f6aa.jpg,640,640,Nachos,3,2,606,629
123676-nachos_jpg.rf.1d58b1e2390c535bbbd363df05f519fd.jpg,640,640,Nachos,1,12,640,487
189789-nachos_jpg.rf.9ef8c076239bfc5befa04819c2b15d77.jpg,640,640,Nachos,2,72,640,583
99076-nachos_jpg.rf.072c2c0791659ef3c42d13d9502a8f73.jpg,640,640,Nachos,0,33,640,596
126547-nachos_jpg.rf.03e4da418000ab4958ac8ac742f63294.jpg,640,640,Nachos,1,62,640,551
31083nachos_jpg.rf.a9326e576ced8329c6b625fc432d5f0f.jpg,640,640,Nachos,5,11,640,544
135365-nachos_jpg.rf.d398ad9166e9a2e11c3f39597f730621.jpg,640,640,Nachos,0,47,640,568
79004-nachos_jpg.rf.c32b91342783554afc1e1407c86796a9.jpg,640,640,Nachos,3,9,640,640
101954-nachos_jpg.rf.83dc465c857f147a805f0b8cd3faf14e.jpg,640,640,Nachos,5,179,640,636
103312-nachos_jpg.rf.a388d992163d93e274f4c878f620332f.jpg,640,640,Nachos,2,39,640,614
99088-nachos_jpg.rf.75fbb62b1beeceecb85275f7dde1ee3f.jpg,640,640,Nachos,0,101,640,605
98976-nachos_jpg.rf.40b333bf156372e4dfa156323cac0093.jpg,640,640,Nachos,14,47,640,598
105689-nachos_jpg.rf.3b919e3fd992683bfd626312c218d705.jpg,640,640,Nachos,5,110,611,640
89589-nachos_jpg.rf.aebacab7d5c78d5b276a3b8e1d7e4ab7.jpg,640,640,Nachos,51,62,600,520
83227-nachos_jpg.rf.f8c6c1da01a20dd809bba09bd31ecc2e.jpg,640,640,Nachos,69,7,640,617
100284-nachos_jpg.rf.d8125a679ab339aaad0c57e48b514edd.jpg,640,640,Nachos,0,143,558,597
52624-nachos_jpg.rf.9c995adf5f580b7dd29daabbcd1709c0.jpg,640,640,Nachos,60,6,638,615
104734-nachos_jpg.rf.a251dc498b0f746d9b2a2f5e975454fe.jpg,640,640,Nachos,0,27,640,640
99050-nachos_jpg.rf.829c9b45a4475727f207d9fddfa01663.jpg,640,640,Nachos,2,69,640,564
111242-nachos_jpg.rf.b98cd86a982adad810a1e827d69f75cc.jpg,640,640,Nachos,5,246,595,635
12935-nachos_jpg.rf.aa7522a9e2c7836fc14a8c5ddce0167a.jpg,640,640,Nachos,2,4,640,622
90700-nachos_jpg.rf.34ab74de9e1866ab3627772612e9b191.jpg,640,640,Nachos,0,49,640,609
51925-nachos_jpg.rf.1f892d5df40bf00e30cc4481133f7c43.jpg,640,640,Nachos,3,87,563,531
68433-nachos_jpg.rf.83ef0e84d334da2162f0f09bb89b5e83.jpg,640,640,Nachos,0,32,640,640
130965-nachos_jpg.rf.c0a1bf7232739485eb2eeb350b20ecd3.jpg,640,640,Nachos,0,183,640,606
7194-nachos_jpg.rf.1a51ead522a4798a8401676c660f1d83.jpg,640,640,Nachos,1,108,640,626
40630-nachos_jpg.rf.499077a792e558a3f429798c2b90c7dc.jpg,640,640,Nachos,16,10,640,640
14569-nachos_jpg.rf.4ed1d9eb5d61cbf6f97241ccd8b4ec07.jpg,640,640,Nachos,2,9,633,602
42294-nachos_jpg.rf.7fc57dcbd313b0631c2a877ff1161017.jpg,640,640,Nachos,5,6,640,640
99087-nachos_jpg.rf.6996cfcf63d57f957a64256cecf229de.jpg,640,640,Nachos,2,48,640,640
19915-nachos_jpg.rf.187bbc93082531fab4a2113da8b47e45.jpg,640,640,Nachos,0,40,640,557
12182-nachos_jpg.rf.d6ad03a6dc80b1ea09c75e24cfbba52e.jpg,640,640,Nachos,4,25,640,640
126763-nachos_jpg.rf.79e350004d1debe882046df8bc263c8c.jpg,640,640,Nachos,6,0,581,631
99074-nachos_jpg.rf.a0d38f7404682ad9fe4c2eb54a517a17.jpg,640,640,Nachos,0,24,640,604
127658-nachos_jpg.rf.6ba8cf1f3e214aa2933c1a55b1751718.jpg,640,640,Nachos,2,0,582,640
189678-nachos_jpg.rf.f186725dbfe1bc23e9532408103e1060.jpg,640,640,Nachos,141,35,246,69
189678-nachos_jpg.rf.f186725dbfe1bc23e9532408103e1060.jpg,640,640,Nachos,30,112,75,190
189678-nachos_jpg.rf.f186725dbfe1bc23e9532408103e1060.jpg,640,640,Nachos,39,39,81,121
189678-nachos_jpg.rf.f186725dbfe1bc23e9532408103e1060.jpg,640,640,Nachos,3,454,164,578
189678-nachos_jpg.rf.f186725dbfe1bc23e9532408103e1060.jpg,640,640,Nachos,367,4,637,246
14590-nachos_jpg.rf.a9d99b4c2278f73e47978acd55f9ffec.jpg,640,640,Nachos,6,4,640,604
81821-nachos_jpg.rf.f2de5b85a428f036b9fa5c97b5b01c24.jpg,640,640,Nachos,0,104,640,536
28282-nachos_jpg.rf.53d18b136d5e03f9944a241fc60d1a78.jpg,640,640,Nachos,0,58,640,536
115799-nachos_jpg.rf.f6a72b51e3678cef5cdfebfceac4cc90.jpg,640,640,Nachos,13,92,640,567
93041-nachos_jpg.rf.ae3ccc589664aa96b371d301012dbfe9.jpg,640,640,Nachos,2,74,640,551
62094-nachos_jpg.rf.a840c3cb0cbab80bb83b3327e8457119.jpg,640,640,Nachos,24,31,582,612
110704-nachos_jpg.rf.48e45f5eb66e05aca9e9eefa93f9cc52.jpg,640,640,Nachos,0,40,640,564
121508-nachos_jpg.rf.a791bc428bfa46845091ff878dbe8d6e.jpg,640,640,Nachos,7,222,584,590
83644_jpg.rf.d4a5f33b417b3cf4e44879067fcd3923.jpg,512,512,onion_rings,85,93,478,387
2613763_jpg.rf.d370f76cfdad119a2280295d310b46ec.jpg,512,512,onion_rings,40,1,349,257
2619997_jpg.rf.88b31056d98f9d815dbbe9dfbc6f7a57.jpg,512,512,onion_rings,7,46,489,490
61621_jpg.rf.638e997aae31012fb6a9817026f2b3a0.jpg,512,512,onion_rings,130,7,332,410
96707_jpg.rf.c24b94a20d7ed3ddec977fa723f0343e.jpg,512,512,onion_rings,166,50,428,479
102531_jpg.rf.da32cb411d6a6da8e66894c144a3af2b.jpg,512,512,onion_rings,162,81,422,422
2628570_jpg.rf.d571a290470ddcf166ee84588ede103f.jpg,512,512,onion_rings,63,70,512,345
86863_jpg.rf.dd918a7ae49dfeabba1212492bfd5925.jpg,512,512,onion_rings,72,105,443,511
2616404_jpg.rf.814d9fb096456ee6842f947838b1f86f.jpg,512,512,onion_rings,52,13,503,487
131668_jpg.rf.430ea4f8ed6688162fef3cd6480158fc.jpg,512,512,onion_rings,49,79,470,448
83998_jpg.rf.69658b95520ce185276d86bce0d0236e.jpg,512,512,onion_rings,74,22,447,415
123878_jpg.rf.2c47eb9339ea4ee5aadca902a8d12d85.jpg,512,512,onion_rings,114,116,439,450
68177_jpg.rf.4286d561950cc21283c4e2b372092ac1.jpg,512,512,onion_rings,57,179,500,448
68177_jpg.rf.4286d561950cc21283c4e2b372092ac1.jpg,512,512,onion_rings,56,448,499,512
45047_jpg.rf.80547ab69faf29aaf70dc1a50569ce13.jpg,512,512,onion_rings,112,141,397,415
61737_jpg.rf.588b609d2af56669e976bc04e50e2bf5.jpg,512,512,onion_rings,151,36,343,494
38345_jpg.rf.08360143cab293dcd7a8a197e66e8d23.jpg,512,512,onion_rings,57,74,417,443
1126_jpg.rf.d3ba4b55b4bf612e7af22ea7ff137788.jpg,512,512,onion_rings,107,107,472,362
1126_jpg.rf.d3ba4b55b4bf612e7af22ea7ff137788.jpg,512,512,onion_rings,106,0,471,63
85376_jpg.rf.a943d43cee5d15f77c7e2615432ea5bf.jpg,512,512,onion_rings,97,161,372,403
134993_jpg.rf.dff587cba56d15dce0ceec06b177e264.jpg,512,512,onion_rings,70,65,432,479
87362_jpg.rf.cfea9bcefd32085bef5e72d810f38507.jpg,512,512,onion_rings,185,48,418,399
27707_jpg.rf.6c8bfb78474fedfada88a7ce566ea13d.jpg,512,512,onion_rings,250,187,387,299
117535_jpg.rf.609f8bd4afa7f51d7b7343e09527472c.jpg,512,512,onion_rings,65,123,476,401
80540_jpg.rf.134fc69263831ead08ce2f8a43ac5644.jpg,512,512,onion_rings,134,79,410,285
80540_jpg.rf.134fc69263831ead08ce2f8a43ac5644.jpg,512,512,onion_rings,134,0,410,49
2612222_jpg.rf.782585318ba231078733e99eb36fe55e.jpg,512,512,onion_rings,42,72,502,431
57508_jpg.rf.a0a7727bf43aedc248f91f548a23bb5f.jpg,512,512,onion_rings,71,71,448,498
127174_jpg.rf.1c6fdb0650a0096ac235d199e08fab9d.jpg,512,512,onion_rings,91,104,404,415
63624_jpg.rf.2b30cef3afc2f594730221160101b7d7.jpg,512,512,onion_rings,98,177,376,390
85913_jpg.rf.3819b42619cee6e77a5b6f76a885bf1f.jpg,512,512,onion_rings,74,91,422,444
113781_jpg.rf.de10ec12748947f00d231f8c55aaefb8.jpg,512,512,onion_rings,61,102,454,424
113781_jpg.rf.de10ec12748947f00d231f8c55aaefb8.jpg,512,512,onion_rings,60,0,453,68
113781_jpg.rf.de10ec12748947f00d231f8c55aaefb8.jpg,512,512,onion_rings,60,428,453,512
98200_jpg.rf.8be3e9e69850ce9d86593b49ff4eb0be.jpg,512,512,onion_rings,13,39,504,499
28869_jpg.rf.6c42aed58c089935ccae6ca6648622b5.jpg,512,512,onion_rings,119,95,457,433
95986_jpg.rf.78b81e6b126b5801a6db10ef57bfb96a.jpg,512,512,onion_rings,162,111,502,417
2614470_jpg.rf.ca8e0fe1f8b5ad0ada57e581c482401a.jpg,512,512,onion_rings,22,11,496,509
74527_jpg.rf.a53136bdf4e575d077f34c3c1a41b50a.jpg,512,512,onion_rings,213,73,450,336
74527_jpg.rf.a53136bdf4e575d077f34c3c1a41b50a.jpg,512,512,onion_rings,212,0,449,55
75146_jpg.rf.620feebd18e33d1a5d5440facc2a5890.jpg,512,512,onion_rings,66,35,428,496
32597_jpg.rf.e6c78acf3d3ee6ebd948dbbbe6ad2646.jpg,512,512,onion_rings,77,114,441,387
77500_jpg.rf.94d4d04b682ab5afe9aa5b33bf32dafa.jpg,512,512,onion_rings,96,112,458,419
2618003_jpg.rf.8d18399346288665532d0826566a79eb.jpg,512,512,onion_rings,113,18,404,503
2618003_jpg.rf.8d18399346288665532d0826566a79eb.jpg,512,512,onion_rings,0,17,93,502
2618003_jpg.rf.8d18399346288665532d0826566a79eb.jpg,512,512,onion_rings,414,17,512,502
84253_jpg.rf.5c47eddd2a873b3ce2d377ac8ced7e3b.jpg,512,512,onion_rings,121,92,364,359
15729_jpg.rf.e4c805fc37720d7612f2fa04818ed78d.jpg,512,512,onion_rings,95,103,379,401
51208_jpg.rf.2cabfb48bcb3432a5c9908578796ab29.jpg,512,512,onion_rings,72,135,507,393
2596809_jpg.rf.2e1ee9fa01841c5c3c1c5bd7bc697979.jpg,512,512,onion_rings,8,75,493,437
93684_jpg.rf.3d5b2ad8eada4f39ac7215b64d199d12.jpg,512,512,onion_rings,64,4,446,500
113634_jpg.rf.0b75c7d1050c8ae862ca0e1a9d1305fc.jpg,512,512,onion_rings,67,86,437,469
2620678_jpg.rf.24a6162c1e93b6d49223b157c0b32780.jpg,512,512,onion_rings,104,118,424,298
50766_jpg.rf.401f67475bc3889437d45b3ffc61de4f.jpg,512,512,onion_rings,163,53,450,369
2606844_jpg.rf.f9c6528b6ba5f485bdc03408e51de471.jpg,512,512,onion_rings,75,18,473,507
71645_jpg.rf.7c1651d6851e2f6b318c16b37516c9e6.jpg,512,512,onion_rings,125,64,507,368
71645_jpg.rf.7c1651d6851e2f6b318c16b37516c9e6.jpg,512,512,onion_rings,125,0,507,64
131732_jpg.rf.ea490b9c6f4b1174f54df3ad6a8f69d3.jpg,512,512,onion_rings,78,10,441,500
70557_jpg.rf.b7717c5a84d1852164751ba7966f511e.jpg,512,512,onion_rings,72,39,427,438
82479_jpg.rf.9b5c67ca462ff1541b7685471343003d.jpg,512,512,onion_rings,91,155,430,423
60844_jpg.rf.03faa99818de72b030717d926e6e2380.jpg,512,512,spring_rolls,165,227,474,367
35235_jpg.rf.32771ba6dfe7c36611eee12e9a4076b6.jpg,512,512,spring_rolls,166,78,439,387
35235_jpg.rf.32771ba6dfe7c36611eee12e9a4076b6.jpg,512,512,spring_rolls,457,77,512,386
109926_jpg.rf.55789a9b04aa24afa0eee2c3a6e32f61.jpg,512,512,spring_rolls,83,108,402,427
197_jpg.rf.1331af0baa86ebe9057b8f24b31a2f1d.jpg,512,512,spring_rolls,76,97,441,411
3544665_jpg.rf.1dbda11f879cf5d548c6a35e7513f4d3.jpg,512,512,spring_rolls,14,148,505,425
92235_jpg.rf.53c19df7b5c9ec2f9d0ffcad8470c394.jpg,512,512,spring_rolls,150,141,502,406
92235_jpg.rf.53c19df7b5c9ec2f9d0ffcad8470c394.jpg,512,512,spring_rolls,150,448,502,512
90116_jpg.rf.40d1e9b21338cbf466f5f3b74841c00a.jpg,512,512,spring_rolls,46,82,505,434
1856626_jpg.rf.594a3c1c4f19ac71d84f7f354a5d69bf.jpg,512,512,spring_rolls,8,87,507,476
62484_jpg.rf.7a9effc3895e6123dcf647b7f92549f6.jpg,512,512,spring_rolls,12,201,506,413
62484_jpg.rf.7a9effc3895e6123dcf647b7f92549f6.jpg,512,512,spring_rolls,12,439,506,512
86528_jpg.rf.d495ee3ef32968ebb442fd5d2a2be028.jpg,512,512,spring_rolls,124,256,437,496
23739_jpg.rf.3c0d8b06b4e1b5d11d87795273d3e26a.jpg,512,512,spring_rolls,147,147,339,350
113605_jpg.rf.44c2be107575371b1327db754f712d88.jpg,512,512,spring_rolls,72,25,426,484
47115_jpg.rf.02f0b4576b50aa123913fc2ac46286e4.jpg,512,512,spring_rolls,103,102,508,414
82274_jpg.rf.e390fee8c24bc9bd0299efd59dc2219e.jpg,512,512,spring_rolls,68,83,462,420
36370_jpg.rf.fc4e83fc5c0a333ddd949da6ac871995.jpg,512,512,spring_rolls,79,235,397,380
36370_jpg.rf.fc4e83fc5c0a333ddd949da6ac871995.jpg,512,512,spring_rolls,79,472,397,512
85452_jpg.rf.bb52d899136f62c37bdd885adaaeb45f.jpg,512,512,spring_rolls,69,145,444,506
11193_jpg.rf.afefd57ffc19ba1eeb51afeee3bf37b4.jpg,512,512,spring_rolls,206,121,503,380
11193_jpg.rf.afefd57ffc19ba1eeb51afeee3bf37b4.jpg,512,512,spring_rolls,205,0,502,103
11193_jpg.rf.afefd57ffc19ba1eeb51afeee3bf37b4.jpg,512,512,spring_rolls,205,420,502,512
1863500_jpg.rf.ffd7319dc5f2532adf1818f5a50e55e0.jpg,512,512,spring_rolls,75,10,487,481
107216_jpg.rf.0eda1ad8cdbbc9c922741a44e7553591.jpg,512,512,spring_rolls,89,103,440,512
3529430_jpg.rf.e171fe480b061ceee062ac6e647e4076.jpg,512,512,spring_rolls,85,217,473,420
91708_jpg.rf.cd5137b2ce8a012e9ec0668354cce785.jpg,512,512,spring_rolls,75,98,296,376
103010_jpg.rf.f5f1c7bcd0163e9883fab946639b9ed5.jpg,512,512,spring_rolls,182,175,476,306
1854970_jpg.rf.b77bffe9b7f3da4d48f54d5dcd36eb36.jpg,512,512,spring_rolls,89,184,323,396
78171_jpg.rf.4712e20db14395cc19199a4f927ec652.jpg,512,512,spring_rolls,190,102,421,230
78171_jpg.rf.4712e20db14395cc19199a4f927ec652.jpg,512,512,spring_rolls,189,0,420,26
33259_jpg.rf.56a5b0558bdb03c426e60f6b5f89b8f4.jpg,512,512,spring_rolls,87,158,239,423
33259_jpg.rf.56a5b0558bdb03c426e60f6b5f89b8f4.jpg,512,512,spring_rolls,0,157,41,422
7394_jpg.rf.1838448cb2b3d641b167b9cfbca600cc.jpg,512,512,spring_rolls,266,64,473,318
7394_jpg.rf.1838448cb2b3d641b167b9cfbca600cc.jpg,512,512,spring_rolls,13,206,352,429
7394_jpg.rf.1838448cb2b3d641b167b9cfbca600cc.jpg,512,512,spring_rolls,265,0,472,64
7394_jpg.rf.1838448cb2b3d641b167b9cfbca600cc.jpg,512,512,spring_rolls,12,467,351,512
90481_jpg.rf.f884c459d8f7ebbd7c7b014b117820ee.jpg,512,512,spring_rolls,64,70,447,407
1862316_jpg.rf.ab6223050057affe3451d2d07d1808b0.jpg,512,512,spring_rolls,101,116,488,377
24656_jpg.rf.d2880f5e51b35e0ccc9ccf6553c81a53.jpg,512,512,spring_rolls,104,221,436,457
58787_jpg.rf.a8acae7e04404aeb8ad1c6a5f8b65434.jpg,512,512,spring_rolls,73,153,427,447
58787_jpg.rf.a8acae7e04404aeb8ad1c6a5f8b65434.jpg,512,512,spring_rolls,73,449,427,512
62663_jpg.rf.d6e00a3b034bc15f515a5fa056ca1733.jpg,512,512,spring_rolls,295,226,451,390
62663_jpg.rf.d6e00a3b034bc15f515a5fa056ca1733.jpg,512,512,spring_rolls,295,462,451,512
2471532_jpg.rf.d17de2a8cda817dbb78af6016082347e.jpg,512,512,spring_rolls,16,15,499,401
81332_jpg.rf.cac6dae7cac6dbff301a62c46feffafc.jpg,512,512,spring_rolls,186,103,488,359
2466847_jpg.rf.fcaea7788587b531f792664d1c8fa80d.jpg,512,512,spring_rolls,40,132,490,420
2462689_jpg.rf.c984e63ea135d72a33d445e17181242b.jpg,512,512,spring_rolls,192,92,506,462
45817_jpg.rf.b4f80dfda9bea5836fedec2c7b65e578.jpg,512,512,spring_rolls,95,203,458,425
45817_jpg.rf.b4f80dfda9bea5836fedec2c7b65e578.jpg,512,512,spring_rolls,94,427,457,512
26078_jpg.rf.7a72c2daa1252912dbd8d88e7cd6b6de.jpg,512,512,spring_rolls,271,156,464,391
12863_jpg.rf.f9442886642d15d323c14b8c1a1b5a78.jpg,512,512,spring_rolls,80,122,410,364
96524_jpg.rf.63fd7ae19b4b93c04711efd005aa063e.jpg,512,512,spring_rolls,138,100,353,512
7847_jpg.rf.0b7e4360853a4e5c6bfa6f8c7c71125c.jpg,512,512,spring_rolls,7,86,482,441
1855833_jpg.rf.c857e9f9639718bea21d07be3bcf8e61.jpg,512,512,spring_rolls,32,137,493,413
2462941_jpg.rf.0dd43d72122fa68215dd58a8da668506.jpg,512,512,spring_rolls,186,170,434,377
38615_jpg.rf.edfc43b51bb448e7763ffc9c6c3237c3.jpg,512,512,spring_rolls,178,23,446,283
38615_jpg.rf.edfc43b51bb448e7763ffc9c6c3237c3.jpg,512,512,spring_rolls,450,23,512,283
3521501_jpg.rf.b6fd1ddc9de422451ab7c0eed35c8047.jpg,512,512,spring_rolls,145,184,400,378
51481_jpg.rf.47be836559a456f57ef98aecff5dc935.jpg,512,512,spring_rolls,100,221,427,511
117282_jpg.rf.85d36eee3a648bc305de54e4df8833c9.jpg,512,512,spring_rolls,204,155,442,427
25414_jpg.rf.9d18f4c2b8c37c573d1f59fd206e2fd0.jpg,512,512,spring_rolls,57,140,321,412
2487261_jpg.rf.f12938123de1760d9589eaeddb91534c.jpg,512,512,spring_rolls,3,129,367,429
37649_jpg.rf.793536f6856c31d0e61e4cf1cd9a8e45.jpg,512,512,spring_rolls,193,210,409,367
44035_jpg.rf.e011cd13049b58ad261b70f69658ccf3.jpg,512,512,spring_rolls,100,97,419,374
3535265_jpg.rf.4927042672d41148c88fbce15e63a820.jpg,512,512,spring_rolls,247,187,396,493
110171_jpg.rf.2e6a197703f7096765d773f023bda859.jpg,512,512,spring_rolls,215,65,436,512
110171_jpg.rf.2e6a197703f7096765d773f023bda859.jpg,512,512,spring_rolls,458,64,512,511
95572_jpg.rf.a47685e871481cef6935b90644ff7ba5.jpg,512,512,spring_rolls,71,170,327,435
95572_jpg.rf.a47685e871481cef6935b90644ff7ba5.jpg,512,512,spring_rolls,0,169,57,434